order,suborder,family,subfamily,genus,species
Coleoptera,Adephaga,"Gyrinidae Latreille, 1810","Gyrininae Latreille, 1810","Gyrinus Geoffroy, 1762",Gyrinus minutus
Coleoptera,Adephaga,"Gyrinidae Latreille, 1810","Gyrininae Latreille, 1810","Gyrinus Geoffroy, 1762",Gyrinus opacus
Coleoptera,Adephaga,"Gyrinidae Latreille, 1810","Gyrininae Latreille, 1810","Gyrinus Geoffroy, 1762",Gyrinus aeratus
Coleoptera,Adephaga,"Gyrinidae Latreille, 1810","Gyrininae Latreille, 1810","Gyrinus Geoffroy, 1762",Gyrinus pullatus
Coleoptera,Adephaga,"Gyrinidae Latreille, 1810","Gyrininae Latreille, 1810","Gyrinus Geoffroy, 1762",Gyrinus marinus
Coleoptera,Adephaga,"Gyrinidae Latreille, 1810","Gyrininae Latreille, 1810","Gyrinus Geoffroy, 1762",Gyrinus colymbus
Coleoptera,Adephaga,"Gyrinidae Latreille, 1810","Gyrininae Latreille, 1810","Gyrinus Geoffroy, 1762",Gyrinus distinctus
Coleoptera,Adephaga,"Gyrinidae Latreille, 1810","Gyrininae Latreille, 1810","Gyrinus Geoffroy, 1762",Gyrinus suffriani
Coleoptera,Adephaga,"Gyrinidae Latreille, 1810","Gyrininae Latreille, 1810","Gyrinus Geoffroy, 1762",Gyrinus natator
Coleoptera,Adephaga,"Gyrinidae Latreille, 1810","Gyrininae Latreille, 1810","Gyrinus Geoffroy, 1762",Gyrinus substriatus
Coleoptera,Adephaga,"Gyrinidae Latreille, 1810","Gyrininae Latreille, 1810","Gyrinus Geoffroy, 1762",Gyrinus urinator
Coleoptera,Adephaga,"Gyrinidae Latreille, 1810","Gyrininae Latreille, 1810","Gyrinus Geoffroy, 1762",Gyrinus caspius
Coleoptera,Adephaga,"Gyrinidae Latreille, 1810","Gyrininae Latreille, 1810","Gyrinus Geoffroy, 1762",Gyrinus paykulli
Coleoptera,Adephaga,"Gyrinidae Latreille, 1810","Orectophilinae R¨¦gimbart, 1882","Orectochilus Dejean, 1833",Orectochilus villosus
Coleoptera,Adephaga,"Dytiscidae Leach, 1815","Copelatinae Van den Branden, 1885","Copelatus Erichson, 1832",Copelatus haemorrhoidalis
Coleoptera,Adephaga,"Dytiscidae Leach, 1815","Laccophilinae Gistel, 1856","Laccophilus Leach, 1815",Laccophilus hyalinus
Coleoptera,Adephaga,"Dytiscidae Leach, 1815","Laccophilinae Gistel, 1856","Laccophilus Leach, 1815",Laccophilus minutus
Coleoptera,Adephaga,"Dytiscidae Leach, 1815","Laccophilinae Gistel, 1856","Laccophilus Leach, 1815",Laccophilus biguttatus
Coleoptera,Adephaga,"Dytiscidae Leach, 1815","Laccophilinae Gistel, 1856","Laccophilus Leach, 1815",Laccophilus poecilus
Coleoptera,Adephaga,"Dytiscidae Leach, 1815","Hydroporinae Erichson, 1837","Laccornis Des Gozis, 1914",Laccornis oblongus
Coleoptera,Adephaga,"Dytiscidae Leach, 1815","Hydroporinae Erichson, 1837","Hydrovatus Motschulsky, 1853",Hydrovatus cuspidatus
Coleoptera,Adephaga,"Dytiscidae Leach, 1815","Hydroporinae Erichson, 1837","Bidessus Sharp, 1882",Bidessus unistriatus
Coleoptera,Adephaga,"Dytiscidae Leach, 1815","Hydroporinae Erichson, 1837","Bidessus Sharp, 1882",Bidessus grossepunctatus
Coleoptera,Adephaga,"Dytiscidae Leach, 1815","Hydroporinae Erichson, 1837","Hydroglyphus Motschulsky, 1853",Hydroglyphus geminus
Coleoptera,Adephaga,"Dytiscidae Leach, 1815","Hydroporinae Erichson, 1837","Hydroglyphus Motschulsky, 1853",Hydroglyphus hamulatus
Coleoptera,Adephaga,"Dytiscidae Leach, 1815","Hydroporinae Erichson, 1837","Hyphydrus Illiger, 1802",Hyphydrus ovatus
Coleoptera,Adephaga,"Dytiscidae Leach, 1815","Hydroporinae Erichson, 1837","Hygrotus Stephens, 1828",Hygrotus decoratus
Coleoptera,Adephaga,"Dytiscidae Leach, 1815","Hydroporinae Erichson, 1837","Hygrotus Stephens, 1828",Hygrotus inaequalis
Coleoptera,Adephaga,"Dytiscidae Leach, 1815","Hydroporinae Erichson, 1837","Hygrotus Stephens, 1828",Hygrotus versicolor
Coleoptera,Adephaga,"Dytiscidae Leach, 1815","Hydroporinae Erichson, 1837","Hygrotus Stephens, 1828",Hygrotus quinquelineatus
Coleoptera,Adephaga,"Dytiscidae Leach, 1815","Hydroporinae Erichson, 1837","Coelambus Thomson, 1860",Coelambus polonicus
Coleoptera,Adephaga,"Dytiscidae Leach, 1815","Hydroporinae Erichson, 1837","Coelambus Thomson, 1860",Coelambus impressopunctatus
Coleoptera,Adephaga,"Dytiscidae Leach, 1815","Hydroporinae Erichson, 1837","Coelambus Thomson, 1860",Coelambus parallelogrammus
Coleoptera,Adephaga,"Dytiscidae Leach, 1815","Hydroporinae Erichson, 1837","Coelambus Thomson, 1860",Coelambus novemlineatus
Coleoptera,Adephaga,"Dytiscidae Leach, 1815","Hydroporinae Erichson, 1837","Coelambus Thomson, 1860",Coelambus marklini
Coleoptera,Adephaga,"Dytiscidae Leach, 1815","Hydroporinae Erichson, 1837","Coelambus Thomson, 1860",Coelambus nigrolineatus
Coleoptera,Adephaga,"Dytiscidae Leach, 1815","Hydroporinae Erichson, 1837","Coelambus Thomson, 1860",Coelambus confluens
Coleoptera,Adephaga,"Dytiscidae Leach, 1815","Hydroporinae Erichson, 1837","Hydroporus Clairville, 1806",Hydroporus nigrita
Coleoptera,Adephaga,"Dytiscidae Leach, 1815","Hydroporinae Erichson, 1837","Hydroporus Clairville, 1806",Hydroporus brevis
Coleoptera,Adephaga,"Dytiscidae Leach, 1815","Hydroporinae Erichson, 1837","Hydroporus Clairville, 1806",Hydroporus acutangulus
Coleoptera,Adephaga,"Dytiscidae Leach, 1815","Hydroporinae Erichson, 1837","Hydroporus Clairville, 1806",Hydroporus neuter
Coleoptera,Adephaga,"Dytiscidae Leach, 1815","Hydroporinae Erichson, 1837","Hydroporus Clairville, 1806",Hydroporus pubescens
Coleoptera,Adephaga,"Dytiscidae Leach, 1815","Hydroporinae Erichson, 1837","Hydroporus Clairville, 1806",Hydroporus fuscipennis
Coleoptera,Adephaga,"Dytiscidae Leach, 1815","Hydroporinae Erichson, 1837","Hydroporus Clairville, 1806",Hydroporus planus
Coleoptera,Adephaga,"Dytiscidae Leach, 1815","Hydroporinae Erichson, 1837","Hydroporus Clairville, 1806",Hydroporus tesselatus
Coleoptera,Adephaga,"Dytiscidae Leach, 1815","Hydroporinae Erichson, 1837","Hydroporus Clairville, 1806",Hydroporus obscurus
Coleoptera,Adephaga,"Dytiscidae Leach, 1815","Hydroporinae Erichson, 1837","Hydroporus Clairville, 1806",Hydroporus elongatulus
Coleoptera,Adephaga,"Dytiscidae Leach, 1815","Hydroporinae Erichson, 1837","Hydroporus Clairville, 1806",Hydroporus semenovi
Coleoptera,Adephaga,"Dytiscidae Leach, 1815","Hydroporinae Erichson, 1837","Hydroporus Clairville, 1806",Hydroporus geniculatus
Coleoptera,Adephaga,"Dytiscidae Leach, 1815","Hydroporinae Erichson, 1837","Hydroporus Clairville, 1806",Hydroporus nigellus
Coleoptera,Adephaga,"Dytiscidae Leach, 1815","Hydroporinae Erichson, 1837","Hydroporus Clairville, 1806",Hydroporus submuticus
Coleoptera,Adephaga,"Dytiscidae Leach, 1815","Hydroporinae Erichson, 1837","Hydroporus Clairville, 1806",Hydroporus notabilis
Coleoptera,Adephaga,"Dytiscidae Leach, 1815","Hydroporinae Erichson, 1837","Hydroporus Clairville, 1806",H. n. arcticus
Coleoptera,Adephaga,"Dytiscidae Leach, 1815","Hydroporinae Erichson, 1837","Hydroporus Clairville, 1806",Hydroporus erythrocephalus
Coleoptera,Adephaga,"Dytiscidae Leach, 1815","Hydroporinae Erichson, 1837","Hydroporus Clairville, 1806",Hydroporus rufifrons
Coleoptera,Adephaga,"Dytiscidae Leach, 1815","Hydroporinae Erichson, 1837","Hydroporus Clairville, 1806",Hydroporus scalesianus
Coleoptera,Adephaga,"Dytiscidae Leach, 1815","Hydroporinae Erichson, 1837","Hydroporus Clairville, 1806",Hydroporus angustatus
Coleoptera,Adephaga,"Dytiscidae Leach, 1815","Hydroporinae Erichson, 1837","Hydroporus Clairville, 1806",Hydroporus lapponum
Coleoptera,Adephaga,"Dytiscidae Leach, 1815","Hydroporinae Erichson, 1837","Hydroporus Clairville, 1806",Hydroporus puberulus
Coleoptera,Adephaga,"Dytiscidae Leach, 1815","Hydroporinae Erichson, 1837","Hydroporus Clairville, 1806",Hydroporus glabriusculus
Coleoptera,Adephaga,"Dytiscidae Leach, 1815","Hydroporinae Erichson, 1837","Hydroporus Clairville, 1806",Hydroporus umbrosus
Coleoptera,Adephaga,"Dytiscidae Leach, 1815","Hydroporinae Erichson, 1837","Hydroporus Clairville, 1806",Hydroporus morio
Coleoptera,Adephaga,"Dytiscidae Leach, 1815","Hydroporinae Erichson, 1837","Hydroporus Clairville, 1806",Hydroporus tristis
Coleoptera,Adephaga,"Dytiscidae Leach, 1815","Hydroporinae Erichson, 1837","Hydroporus Clairville, 1806",Hydroporus gyllenhalii
Coleoptera,Adephaga,"Dytiscidae Leach, 1815","Hydroporinae Erichson, 1837","Hydroporus Clairville, 1806",Hydroporus notatus
Coleoptera,Adephaga,"Dytiscidae Leach, 1815","Hydroporinae Erichson, 1837","Hydroporus Clairville, 1806",Hydroporus incognitus
Coleoptera,Adephaga,"Dytiscidae Leach, 1815","Hydroporinae Erichson, 1837","Hydroporus Clairville, 1806",Hydroporus striola
Coleoptera,Adephaga,"Dytiscidae Leach, 1815","Hydroporinae Erichson, 1837","Hydroporus Clairville, 1806",Hydroporus palustris
Coleoptera,Adephaga,"Dytiscidae Leach, 1815","Hydroporinae Erichson, 1837","Hydroporus Clairville, 1806",Hydroporus neglectus
Coleoptera,Adephaga,"Dytiscidae Leach, 1815","Hydroporinae Erichson, 1837","Hydroporus Clairville, 1806",Hydroporus kraatzii
Coleoptera,Adephaga,"Dytiscidae Leach, 1815","Hydroporinae Erichson, 1837","Hydroporus Clairville, 1806",Hydroporus melanarius
Coleoptera,Adephaga,"Dytiscidae Leach, 1815","Hydroporinae Erichson, 1837","Hydroporus Clairville, 1806",Hydroporus longicornis
Coleoptera,Adephaga,"Dytiscidae Leach, 1815","Hydroporinae Erichson, 1837","Hydroporus Clairville, 1806",Hydroporus memnonius
Coleoptera,Adephaga,"Dytiscidae Leach, 1815","Hydroporinae Erichson, 1837","Hydroporus Clairville, 1806",Hydroporus obsoletus
Coleoptera,Adephaga,"Dytiscidae Leach, 1815","Hydroporinae Erichson, 1837","Hydroporus Clairville, 1806",Hydroporus sahlbergi
Coleoptera,Adephaga,"Dytiscidae Leach, 1815","Hydroporinae Erichson, 1837","Porhydrus Guignot, 1945",Porhydrus lineatus
Coleoptera,Adephaga,"Dytiscidae Leach, 1815","Hydroporinae Erichson, 1837","Graptodytes Seidlitz, 1887",Graptodytes granularis
Coleoptera,Adephaga,"Dytiscidae Leach, 1815","Hydroporinae Erichson, 1837","Graptodytes Seidlitz, 1887",Graptodytes bilineatus
Coleoptera,Adephaga,"Dytiscidae Leach, 1815","Hydroporinae Erichson, 1837","Graptodytes Seidlitz, 1887",Graptodytes pictus
Coleoptera,Adephaga,"Dytiscidae Leach, 1815","Hydroporinae Erichson, 1837","Oreodytes Seidlitz, 1887",Oreodytes alpinus
Coleoptera,Adephaga,"Dytiscidae Leach, 1815","Hydroporinae Erichson, 1837","Oreodytes Seidlitz, 1887",Oreodytes septentrionalis
Coleoptera,Adephaga,"Dytiscidae Leach, 1815","Hydroporinae Erichson, 1837","Oreodytes Seidlitz, 1887",Oreodytes sanmarkii
Coleoptera,Adephaga,"Dytiscidae Leach, 1815","Hydroporinae Erichson, 1837","Suphrodytes Des Gozis, 1914",Suphrodytes dorsalis
Coleoptera,Adephaga,"Dytiscidae Leach, 1815","Hydroporinae Erichson, 1837","Deronectes Sharp, 1882",Deronectes latus
Coleoptera,Adephaga,"Dytiscidae Leach, 1815","Hydroporinae Erichson, 1837","Scarodytes Des Gozis, 1914",Scarodytes halensis
Coleoptera,Adephaga,"Dytiscidae Leach, 1815","Hydroporinae Erichson, 1837","Nebrioporus R¨¦gimbart, 1906",Nebrioporus canaliculatus
Coleoptera,Adephaga,"Dytiscidae Leach, 1815","Hydroporinae Erichson, 1837","Nebrioporus R¨¦gimbart, 1906",Nebrioporus assimilis
Coleoptera,Adephaga,"Dytiscidae Leach, 1815","Hydroporinae Erichson, 1837","Nebrioporus R¨¦gimbart, 1906",Nebrioporus depressus
Coleoptera,Adephaga,"Dytiscidae Leach, 1815","Hydroporinae Erichson, 1837","Stictotarsus Zimmermann, 1917",Stictotarsus griseostriatus
Coleoptera,Adephaga,"Dytiscidae Leach, 1815","Hydroporinae Erichson, 1837","Stictotarsus Zimmermann, 1917",S. g. griseostriatus
Coleoptera,Adephaga,"Dytiscidae Leach, 1815","Hydroporinae Erichson, 1837","Stictotarsus Zimmermann, 1917",S. g. strandi
Coleoptera,Adephaga,"Dytiscidae Leach, 1815","Hydroporinae Erichson, 1837","Stictotarsus Zimmermann, 1917",Stictotarsus multilineatus
Coleoptera,Adephaga,"Dytiscidae Leach, 1815","Hydroporinae Erichson, 1837","Stictotarsus Zimmermann, 1917",Stictotarsus duodecimpustulatus
Coleoptera,Adephaga,"Dytiscidae Leach, 1815","Colymbetinae Erichson, 1837","Platambus Thomson, 1859",Platambus maculatus
Coleoptera,Adephaga,"Dytiscidae Leach, 1815","Colymbetinae Erichson, 1837","Agabus Leach, 1817",Agabus unguicularis
Coleoptera,Adephaga,"Dytiscidae Leach, 1815","Colymbetinae Erichson, 1837","Agabus Leach, 1817",Agabus affinis
Coleoptera,Adephaga,"Dytiscidae Leach, 1815","Colymbetinae Erichson, 1837","Agabus Leach, 1817",Agabus biguttulus
Coleoptera,Adephaga,"Dytiscidae Leach, 1815","Colymbetinae Erichson, 1837","Agabus Leach, 1817",Agabus paludosus
Coleoptera,Adephaga,"Dytiscidae Leach, 1815","Colymbetinae Erichson, 1837","Agabus Leach, 1817",Agabus adpressus
Coleoptera,Adephaga,"Dytiscidae Leach, 1815","Colymbetinae Erichson, 1837","Agabus Leach, 1817",Agabus didymus
Coleoptera,Adephaga,"Dytiscidae Leach, 1815","Colymbetinae Erichson, 1837","Agabus Leach, 1817",Agabus guttatus
Coleoptera,Adephaga,"Dytiscidae Leach, 1815","Colymbetinae Erichson, 1837","Agabus Leach, 1817",Agabus melanarius
Coleoptera,Adephaga,"Dytiscidae Leach, 1815","Colymbetinae Erichson, 1837","Agabus Leach, 1817",Agabus bipustulatus
Coleoptera,Adephaga,"Dytiscidae Leach, 1815","Colymbetinae Erichson, 1837","Agabus Leach, 1817",Agabus conspersus
Coleoptera,Adephaga,"Dytiscidae Leach, 1815","Colymbetinae Erichson, 1837","Agabus Leach, 1817",Agabus nebulosus
Coleoptera,Adephaga,"Dytiscidae Leach, 1815","Colymbetinae Erichson, 1837","Agabus Leach, 1817",Agabus striolatus
Coleoptera,Adephaga,"Dytiscidae Leach, 1815","Colymbetinae Erichson, 1837","Agabus Leach, 1817",Agabus sturmii
Coleoptera,Adephaga,"Dytiscidae Leach, 1815","Colymbetinae Erichson, 1837","Agabus Leach, 1817",Agabus arcticus
Coleoptera,Adephaga,"Dytiscidae Leach, 1815","Colymbetinae Erichson, 1837","Agabus Leach, 1817",Agabus zetterstedti
Coleoptera,Adephaga,"Dytiscidae Leach, 1815","Colymbetinae Erichson, 1837","Agabus Leach, 1817",Agabus elongatus
Coleoptera,Adephaga,"Dytiscidae Leach, 1815","Colymbetinae Erichson, 1837","Agabus Leach, 1817",Agabus moestus
Coleoptera,Adephaga,"Dytiscidae Leach, 1815","Colymbetinae Erichson, 1837","Agabus Leach, 1817",Agabus congener
Coleoptera,Adephaga,"Dytiscidae Leach, 1815","Colymbetinae Erichson, 1837","Agabus Leach, 1817",Agabus lapponicus
Coleoptera,Adephaga,"Dytiscidae Leach, 1815","Colymbetinae Erichson, 1837","Agabus Leach, 1817",Agabus thomsoni
Coleoptera,Adephaga,"Dytiscidae Leach, 1815","Colymbetinae Erichson, 1837","Agabus Leach, 1817",Agabus pseudoclypealis
Coleoptera,Adephaga,"Dytiscidae Leach, 1815","Colymbetinae Erichson, 1837","Agabus Leach, 1817",Agabus discolor
Coleoptera,Adephaga,"Dytiscidae Leach, 1815","Colymbetinae Erichson, 1837","Agabus Leach, 1817",Agabus clypealis
Coleoptera,Adephaga,"Dytiscidae Leach, 1815","Colymbetinae Erichson, 1837","Agabus Leach, 1817",Agabus setulosus
Coleoptera,Adephaga,"Dytiscidae Leach, 1815","Colymbetinae Erichson, 1837","Agabus Leach, 1817",Agabus confinis
Coleoptera,Adephaga,"Dytiscidae Leach, 1815","Colymbetinae Erichson, 1837","Agabus Leach, 1817",Agabus infuscatus
Coleoptera,Adephaga,"Dytiscidae Leach, 1815","Colymbetinae Erichson, 1837","Agabus Leach, 1817",Agabus fuscipennis
Coleoptera,Adephaga,"Dytiscidae Leach, 1815","Colymbetinae Erichson, 1837","Agabus Leach, 1817",Agabus uliginosus
Coleoptera,Adephaga,"Dytiscidae Leach, 1815","Colymbetinae Erichson, 1837","Agabus Leach, 1817",Agabus undulatus
Coleoptera,Adephaga,"Dytiscidae Leach, 1815","Colymbetinae Erichson, 1837","Agabus Leach, 1817",Agabus labiatus
Coleoptera,Adephaga,"Dytiscidae Leach, 1815","Colymbetinae Erichson, 1837","Agabus Leach, 1817",Agabus serricornis
Coleoptera,Adephaga,"Dytiscidae Leach, 1815","Colymbetinae Erichson, 1837","Ilybius Erichson, 1832",Ilybius wasastjernai
Coleoptera,Adephaga,"Dytiscidae Leach, 1815","Colymbetinae Erichson, 1837","Ilybius Erichson, 1832",Ilybius opacus
Coleoptera,Adephaga,"Dytiscidae Leach, 1815","Colymbetinae Erichson, 1837","Ilybius Erichson, 1832",Ilybius chalconatus
Coleoptera,Adephaga,"Dytiscidae Leach, 1815","Colymbetinae Erichson, 1837","Ilybius Erichson, 1832",Ilybius montanus
Coleoptera,Adephaga,"Dytiscidae Leach, 1815","Colymbetinae Erichson, 1837","Ilybius Erichson, 1832",Ilybius neglectus
Coleoptera,Adephaga,"Dytiscidae Leach, 1815","Colymbetinae Erichson, 1837","Ilybius Erichson, 1832",Ilybius subtilis
Coleoptera,Adephaga,"Dytiscidae Leach, 1815","Colymbetinae Erichson, 1837","Ilybius Erichson, 1832",Ilybius erichsoni
Coleoptera,Adephaga,"Dytiscidae Leach, 1815","Colymbetinae Erichson, 1837","Ilybius Erichson, 1832",Ilybius vittiger
Coleoptera,Adephaga,"Dytiscidae Leach, 1815","Colymbetinae Erichson, 1837","Ilybius Erichson, 1832",Ilybius picipes
Coleoptera,Adephaga,"Dytiscidae Leach, 1815","Colymbetinae Erichson, 1837","Ilybius Erichson, 1832",Ilybius angustior
Coleoptera,Adephaga,"Dytiscidae Leach, 1815","Colymbetinae Erichson, 1837","Ilybius Erichson, 1832",Ilybius crassus
Coleoptera,Adephaga,"Dytiscidae Leach, 1815","Colymbetinae Erichson, 1837","Ilybius Erichson, 1832",Ilybius subaeneus
Coleoptera,Adephaga,"Dytiscidae Leach, 1815","Colymbetinae Erichson, 1837","Ilybius Erichson, 1832",Ilybius ater
Coleoptera,Adephaga,"Dytiscidae Leach, 1815","Colymbetinae Erichson, 1837","Ilybius Erichson, 1832",Ilybius guttiger
Coleoptera,Adephaga,"Dytiscidae Leach, 1815","Colymbetinae Erichson, 1837","Ilybius Erichson, 1832",Ilybius quadriguttatus
Coleoptera,Adephaga,"Dytiscidae Leach, 1815","Colymbetinae Erichson, 1837","Ilybius Erichson, 1832",Ilybius similis
Coleoptera,Adephaga,"Dytiscidae Leach, 1815","Colymbetinae Erichson, 1837","Ilybius Erichson, 1832",Ilybius aenescens
Coleoptera,Adephaga,"Dytiscidae Leach, 1815","Colymbetinae Erichson, 1837","Ilybius Erichson, 1832",Ilybius fuliginosus
Coleoptera,Adephaga,"Dytiscidae Leach, 1815","Colymbetinae Erichson, 1837","Ilybius Erichson, 1832",Ilybius fenestratus
Coleoptera,Adephaga,"Dytiscidae Leach, 1815","Colymbetinae Erichson, 1837","Rhantus Dejean, 1833",Rhantus grapii
Coleoptera,Adephaga,"Dytiscidae Leach, 1815","Colymbetinae Erichson, 1837","Rhantus Dejean, 1833",Rhantus suturalis
Coleoptera,Adephaga,"Dytiscidae Leach, 1815","Colymbetinae Erichson, 1837","Rhantus Dejean, 1833",Rhantus frontalis
Coleoptera,Adephaga,"Dytiscidae Leach, 1815","Colymbetinae Erichson, 1837","Rhantus Dejean, 1833",Rhantus notaticollis
Coleoptera,Adephaga,"Dytiscidae Leach, 1815","Colymbetinae Erichson, 1837","Rhantus Dejean, 1833",Rhantus suturellus
Coleoptera,Adephaga,"Dytiscidae Leach, 1815","Colymbetinae Erichson, 1837","Rhantus Dejean, 1833",Rhantus bistriatus
Coleoptera,Adephaga,"Dytiscidae Leach, 1815","Colymbetinae Erichson, 1837","Rhantus Dejean, 1833",Rhantus consputus
Coleoptera,Adephaga,"Dytiscidae Leach, 1815","Colymbetinae Erichson, 1837","Rhantus Dejean, 1833",Rhantus incognitus
Coleoptera,Adephaga,"Dytiscidae Leach, 1815","Colymbetinae Erichson, 1837","Rhantus Dejean, 1833",Rhantus exsoletus
Coleoptera,Adephaga,"Dytiscidae Leach, 1815","Colymbetinae Erichson, 1837","Rhantus Dejean, 1833",Rhantus latitans
Coleoptera,Adephaga,"Dytiscidae Leach, 1815","Colymbetinae Erichson, 1837","Rhantus Dejean, 1833",Rhantus fennicus
Coleoptera,Adephaga,"Dytiscidae Leach, 1815","Colymbetinae Erichson, 1837","Colymbetes Clairville, 1806",Colymbetes fuscus
Coleoptera,Adephaga,"Dytiscidae Leach, 1815","Colymbetinae Erichson, 1837","Colymbetes Clairville, 1806",Colymbetes paykulli
Coleoptera,Adephaga,"Dytiscidae Leach, 1815","Colymbetinae Erichson, 1837","Colymbetes Clairville, 1806",Colymbetes striatus
Coleoptera,Adephaga,"Dytiscidae Leach, 1815","Colymbetinae Erichson, 1837","Colymbetes Clairville, 1806",Colymbetes dolabratus
Coleoptera,Adephaga,"Dytiscidae Leach, 1815","Colymbetinae Erichson, 1837","Colymbetes Clairville, 1806",C. d. thomsoni
Coleoptera,Adephaga,"Dytiscidae Leach, 1815","Colymbetinae Erichson, 1837","Colymbetes Clairville, 1806",Colymbetes pseudostriatus
Coleoptera,Adephaga,"Dytiscidae Leach, 1815","Colymbetinae Erichson, 1837","Colymbetes Clairville, 1806",Colymbetes schildknechti
Coleoptera,Adephaga,"Dytiscidae Leach, 1815","Dytiscinae Leach, 1815","Hydaticus Leach, 1817",Hydaticus transversalis
Coleoptera,Adephaga,"Dytiscidae Leach, 1815","Dytiscinae Leach, 1815","Hydaticus Leach, 1817",Hydaticus continentalis
Coleoptera,Adephaga,"Dytiscidae Leach, 1815","Dytiscinae Leach, 1815","Hydaticus Leach, 1817",Hydaticus aruspex
Coleoptera,Adephaga,"Dytiscidae Leach, 1815","Dytiscinae Leach, 1815","Hydaticus Leach, 1817",Hydaticus seminiger
Coleoptera,Adephaga,"Dytiscidae Leach, 1815","Dytiscinae Leach, 1815","Graphoderus Dejean, 1833",Graphoderus austriacus
Coleoptera,Adephaga,"Dytiscidae Leach, 1815","Dytiscinae Leach, 1815","Graphoderus Dejean, 1833",Graphoderus bilineatus
Coleoptera,Adephaga,"Dytiscidae Leach, 1815","Dytiscinae Leach, 1815","Graphoderus Dejean, 1833",Graphoderus cinereus
Coleoptera,Adephaga,"Dytiscidae Leach, 1815","Dytiscinae Leach, 1815","Graphoderus Dejean, 1833",Graphoderus zonatus
Coleoptera,Adephaga,"Dytiscidae Leach, 1815","Dytiscinae Leach, 1815","Graphoderus Dejean, 1833",G. z. zonatus
Coleoptera,Adephaga,"Dytiscidae Leach, 1815","Dytiscinae Leach, 1815","Graphoderus Dejean, 1833",G. z. verrucifer
Coleoptera,Adephaga,"Dytiscidae Leach, 1815","Dytiscinae Leach, 1815","Acilius Leach, 1817",Acilius sulcatus
Coleoptera,Adephaga,"Dytiscidae Leach, 1815","Dytiscinae Leach, 1815","Acilius Leach, 1817",Acilius canaliculatus
Coleoptera,Adephaga,"Dytiscidae Leach, 1815","Dytiscinae Leach, 1815","Dytiscus Linnaeus, 1758",Dytiscus semisulcatus
Coleoptera,Adephaga,"Dytiscidae Leach, 1815","Dytiscinae Leach, 1815","Dytiscus Linnaeus, 1758",Dytiscus dimidiatus
Coleoptera,Adephaga,"Dytiscidae Leach, 1815","Dytiscinae Leach, 1815","Dytiscus Linnaeus, 1758",Dytiscus marginalis
Coleoptera,Adephaga,"Dytiscidae Leach, 1815","Dytiscinae Leach, 1815","Dytiscus Linnaeus, 1758",Dytiscus latissimus
Coleoptera,Adephaga,"Dytiscidae Leach, 1815","Dytiscinae Leach, 1815","Dytiscus Linnaeus, 1758",Dytiscus circumcinctus
Coleoptera,Adephaga,"Dytiscidae Leach, 1815","Dytiscinae Leach, 1815","Dytiscus Linnaeus, 1758",Dytiscus lapponicus
Coleoptera,Adephaga,"Dytiscidae Leach, 1815","Dytiscinae Leach, 1815","Dytiscus Linnaeus, 1758",Dytiscus circumflexus
Coleoptera,Adephaga,"Dytiscidae Leach, 1815","Dytiscinae Leach, 1815","Cybister Curtis, 1827",Cybister lateralimarginalis
Coleoptera,Adephaga,"Carabidae Latreille, 1802","Omophroninae Bonelli, 1810","Omophron Latreille, 1802",Omophron limbatum
Coleoptera,Adephaga,"Carabidae Latreille, 1802","Carabinae Latreille, 1802","Pelophila Dejean, 1821",Pelophila borealis
Coleoptera,Adephaga,"Carabidae Latreille, 1802","Carabinae Latreille, 1802","Leistus Fr<U+00F6>lich, 1799",Leistus rufomarginatus
Coleoptera,Adephaga,"Carabidae Latreille, 1802","Carabinae Latreille, 1802","Leistus Fr<U+00F6>lich, 1799",Leistus terminatus
Coleoptera,Adephaga,"Carabidae Latreille, 1802","Carabinae Latreille, 1802","Leistus Fr<U+00F6>lich, 1799",Leistus ferrugineus
Coleoptera,Adephaga,"Carabidae Latreille, 1802","Carabinae Latreille, 1802","Leistus Fr<U+00F6>lich, 1799",Leistus piceus
Coleoptera,Adephaga,"Carabidae Latreille, 1802","Carabinae Latreille, 1802","Nebria Latreille, 1802",Nebria livida
Coleoptera,Adephaga,"Carabidae Latreille, 1802","Carabinae Latreille, 1802","Nebria Latreille, 1802",Nebria rufescens
Coleoptera,Adephaga,"Carabidae Latreille, 1802","Carabinae Latreille, 1802","Nebria Latreille, 1802",Nebria nivalis
Coleoptera,Adephaga,"Carabidae Latreille, 1802","Carabinae Latreille, 1802","Nebria Latreille, 1802",Nebria brevicollis
Coleoptera,Adephaga,"Carabidae Latreille, 1802","Carabinae Latreille, 1802","Nebria Latreille, 1802",Nebria salina
Coleoptera,Adephaga,"Carabidae Latreille, 1802","Carabinae Latreille, 1802","Notiophilus Dumeril, 1806",Notiophilus aestuans
Coleoptera,Adephaga,"Carabidae Latreille, 1802","Carabinae Latreille, 1802","Notiophilus Dumeril, 1806",Notiophilus aquaticus
Coleoptera,Adephaga,"Carabidae Latreille, 1802","Carabinae Latreille, 1802","Notiophilus Dumeril, 1806",Notiophilus palustris
Coleoptera,Adephaga,"Carabidae Latreille, 1802","Carabinae Latreille, 1802","Notiophilus Dumeril, 1806",Notiophilus germinyi
Coleoptera,Adephaga,"Carabidae Latreille, 1802","Carabinae Latreille, 1802","Notiophilus Dumeril, 1806",Notiophilus rufipes
Coleoptera,Adephaga,"Carabidae Latreille, 1802","Carabinae Latreille, 1802","Notiophilus Dumeril, 1806",Notiophilus reitteri
Coleoptera,Adephaga,"Carabidae Latreille, 1802","Carabinae Latreille, 1802","Notiophilus Dumeril, 1806",Notiophilus biguttatus
Coleoptera,Adephaga,"Carabidae Latreille, 1802","Carabinae Latreille, 1802","Calosoma Weber, 1801",Calosoma sycophanta
Coleoptera,Adephaga,"Carabidae Latreille, 1802","Carabinae Latreille, 1802","Calosoma Weber, 1801",Calosoma inquisitor
Coleoptera,Adephaga,"Carabidae Latreille, 1802","Carabinae Latreille, 1802","Calosoma Weber, 1801",Calosoma auropunctatum
Coleoptera,Adephaga,"Carabidae Latreille, 1802","Carabinae Latreille, 1802","Calosoma Weber, 1801",Calosoma denticolle
Coleoptera,Adephaga,"Carabidae Latreille, 1802","Carabinae Latreille, 1802","Calosoma Weber, 1801",Calosoma investigator
Coleoptera,Adephaga,"Carabidae Latreille, 1802","Carabinae Latreille, 1802","Calosoma Weber, 1801",Calosoma reticulatum
Coleoptera,Adephaga,"Carabidae Latreille, 1802","Carabinae Latreille, 1802","Calosoma Weber, 1801",Calosoma maderae
Coleoptera,Adephaga,"Carabidae Latreille, 1802","Carabinae Latreille, 1802","Carabus Linnaeus, 1758",Carabus monilis
Coleoptera,Adephaga,"Carabidae Latreille, 1802","Carabinae Latreille, 1802","Carabus Linnaeus, 1758",Carabus arcensis
Coleoptera,Adephaga,"Carabidae Latreille, 1802","Carabinae Latreille, 1802","Carabus Linnaeus, 1758",Carabus granulatus
Coleoptera,Adephaga,"Carabidae Latreille, 1802","Carabinae Latreille, 1802","Carabus Linnaeus, 1758",Carabus menetriesi
Coleoptera,Adephaga,"Carabidae Latreille, 1802","Carabinae Latreille, 1802","Carabus Linnaeus, 1758",Carabus clathratus
Coleoptera,Adephaga,"Carabidae Latreille, 1802","Carabinae Latreille, 1802","Carabus Linnaeus, 1758",Carabus cancellatus
Coleoptera,Adephaga,"Carabidae Latreille, 1802","Carabinae Latreille, 1802","Carabus Linnaeus, 1758",C. c. tuberculatus
Coleoptera,Adephaga,"Carabidae Latreille, 1802","Carabinae Latreille, 1802","Carabus Linnaeus, 1758",Carabus auratus
Coleoptera,Adephaga,"Carabidae Latreille, 1802","Carabinae Latreille, 1802","Carabus Linnaeus, 1758",Carabus nemoralis
Coleoptera,Adephaga,"Carabidae Latreille, 1802","Carabinae Latreille, 1802","Carabus Linnaeus, 1758",Carabus hortensis
Coleoptera,Adephaga,"Carabidae Latreille, 1802","Carabinae Latreille, 1802","Carabus Linnaeus, 1758",Carabus glabratus
Coleoptera,Adephaga,"Carabidae Latreille, 1802","Carabinae Latreille, 1802","Carabus Linnaeus, 1758",Carabus problematicus
Coleoptera,Adephaga,"Carabidae Latreille, 1802","Carabinae Latreille, 1802","Carabus Linnaeus, 1758",C. p. harcyniae
Coleoptera,Adephaga,"Carabidae Latreille, 1802","Carabinae Latreille, 1802","Carabus Linnaeus, 1758",C. p. strandi
Coleoptera,Adephaga,"Carabidae Latreille, 1802","Carabinae Latreille, 1802","Carabus Linnaeus, 1758",Carabus nitens
Coleoptera,Adephaga,"Carabidae Latreille, 1802","Carabinae Latreille, 1802","Carabus Linnaeus, 1758",Carabus convexus
Coleoptera,Adephaga,"Carabidae Latreille, 1802","Carabinae Latreille, 1802","Carabus Linnaeus, 1758",Carabus intricatus
Coleoptera,Adephaga,"Carabidae Latreille, 1802","Carabinae Latreille, 1802","Carabus Linnaeus, 1758",Carabus violaceus
Coleoptera,Adephaga,"Carabidae Latreille, 1802","Carabinae Latreille, 1802","Carabus Linnaeus, 1758",Carabus coriaceus
Coleoptera,Adephaga,"Carabidae Latreille, 1802","Carabinae Latreille, 1802","Carabus Linnaeus, 1758",Carabus purpurascens
Coleoptera,Adephaga,"Carabidae Latreille, 1802","Carabinae Latreille, 1802","Carabus Linnaeus, 1758",Carabus przewalskii
Coleoptera,Adephaga,"Carabidae Latreille, 1802","Carabinae Latreille, 1802","Cychrus Fabricius, 1794",Cychrus caraboides
Coleoptera,Adephaga,"Carabidae Latreille, 1802","Cicindelinae Latreille, 1802","Cicindela Linnaeus, 1758",Cicindela sylvatica
Coleoptera,Adephaga,"Carabidae Latreille, 1802","Cicindelinae Latreille, 1802","Cicindela Linnaeus, 1758",Cicindela hybrida
Coleoptera,Adephaga,"Carabidae Latreille, 1802","Cicindelinae Latreille, 1802","Cicindela Linnaeus, 1758",Cicindela maritima
Coleoptera,Adephaga,"Carabidae Latreille, 1802","Cicindelinae Latreille, 1802","Cicindela Linnaeus, 1758",Cicindela campestris
Coleoptera,Adephaga,"Carabidae Latreille, 1802","Cicindelinae Latreille, 1802","Cicindela Linnaeus, 1758",Cicindela germanica
Coleoptera,Adephaga,"Carabidae Latreille, 1802","Cicindelinae Latreille, 1802","Cicindela Linnaeus, 1758",Cicindela longilabris
Coleoptera,Adephaga,"Carabidae Latreille, 1802","Cicindelinae Latreille, 1802","Cicindela Linnaeus, 1758",Cicindela oregona
Coleoptera,Adephaga,"Carabidae Latreille, 1802","Cicindelinae Latreille, 1802","Cylindera Westwood, 1831",Cylindera germanica
Coleoptera,Adephaga,"Carabidae Latreille, 1802","Cicindelinae Latreille, 1802","Cylindera Westwood, 1831",Cylindera arenaria
Coleoptera,Adephaga,"Carabidae Latreille, 1802","Cicindelinae Latreille, 1802","Cylindera Westwood, 1831",C. a. viennensis
Coleoptera,Adephaga,"Carabidae Latreille, 1802","Loricerinae Bonelli, 1810","Loricera Latreille, 1802",Loricera pilicornis
Coleoptera,Adephaga,"Carabidae Latreille, 1802","Elaphrinae Latreille, 1802","Blethisa Bonelli, 1810",Blethisa multipunctata
Coleoptera,Adephaga,"Carabidae Latreille, 1802","Elaphrinae Latreille, 1802","Diacheila Motschulsky, 1845",Diacheila arctica
Coleoptera,Adephaga,"Carabidae Latreille, 1802","Elaphrinae Latreille, 1802","Diacheila Motschulsky, 1845",Diacheila polita
Coleoptera,Adephaga,"Carabidae Latreille, 1802","Elaphrinae Latreille, 1802","Elaphrus Fabricius, 1775",Elaphrus lapponicus
Coleoptera,Adephaga,"Carabidae Latreille, 1802","Elaphrinae Latreille, 1802","Elaphrus Fabricius, 1775",Elaphrus uliginosus
Coleoptera,Adephaga,"Carabidae Latreille, 1802","Elaphrinae Latreille, 1802","Elaphrus Fabricius, 1775",Elaphrus cupreus
Coleoptera,Adephaga,"Carabidae Latreille, 1802","Elaphrinae Latreille, 1802","Elaphrus Fabricius, 1775",Elaphrus riparius
Coleoptera,Adephaga,"Carabidae Latreille, 1802","Elaphrinae Latreille, 1802","Elaphrus Fabricius, 1775",Elaphrus aureus
Coleoptera,Adephaga,"Carabidae Latreille, 1802","Elaphrinae Latreille, 1802","Elaphrus Fabricius, 1775",Elaphrus angusticollis
Coleoptera,Adephaga,"Carabidae Latreille, 1802","Scaritinae Bonelli, 1810","Dyschirius Bonelli, 1810",Dyschirius digitatus
Coleoptera,Adephaga,"Carabidae Latreille, 1802","Scaritinae Bonelli, 1810","Dyschirius Bonelli, 1810",Dyschirius thoracicus
Coleoptera,Adephaga,"Carabidae Latreille, 1802","Scaritinae Bonelli, 1810","Dyschirius Bonelli, 1810",Dyschirius obscurus
Coleoptera,Adephaga,"Carabidae Latreille, 1802","Scaritinae Bonelli, 1810","Dyschirius Bonelli, 1810",Dyschirius angustatus
Coleoptera,Adephaga,"Carabidae Latreille, 1802","Scaritinae Bonelli, 1810","Dyschirius Bonelli, 1810",Dyschirius nitidus
Coleoptera,Adephaga,"Carabidae Latreille, 1802","Scaritinae Bonelli, 1810","Dyschirius Bonelli, 1810",Dyschirius neresheimeri
Coleoptera,Adephaga,"Carabidae Latreille, 1802","Scaritinae Bonelli, 1810","Dyschirius Bonelli, 1810",Dyschirius politus
Coleoptera,Adephaga,"Carabidae Latreille, 1802","Scaritinae Bonelli, 1810","Dyschirius Bonelli, 1810",Dyschirius impunctipennis
Coleoptera,Adephaga,"Carabidae Latreille, 1802","Scaritinae Bonelli, 1810","Dyschirius Bonelli, 1810",Dyschirius chalceus
Coleoptera,Adephaga,"Carabidae Latreille, 1802","Scaritinae Bonelli, 1810","Dyschirius Bonelli, 1810",Dyschirius salinus
Coleoptera,Adephaga,"Carabidae Latreille, 1802","Scaritinae Bonelli, 1810","Dyschirius Bonelli, 1810",Dyschirius aeneus
Coleoptera,Adephaga,"Carabidae Latreille, 1802","Scaritinae Bonelli, 1810","Dyschirius Bonelli, 1810",Dyschirius tristis
Coleoptera,Adephaga,"Carabidae Latreille, 1802","Scaritinae Bonelli, 1810","Dyschirius Bonelli, 1810",Dyschirius nigricornis
Coleoptera,Adephaga,"Carabidae Latreille, 1802","Scaritinae Bonelli, 1810","Dyschirius Bonelli, 1810",Dyschirius melancholicus
Coleoptera,Adephaga,"Carabidae Latreille, 1802","Scaritinae Bonelli, 1810","Dyschirius Bonelli, 1810",Dyschirius intermedius
Coleoptera,Adephaga,"Carabidae Latreille, 1802","Scaritinae Bonelli, 1810","Dyschirius Bonelli, 1810",Dyschirius laeviusculus
Coleoptera,Adephaga,"Carabidae Latreille, 1802","Scaritinae Bonelli, 1810","Dyschirius Bonelli, 1810",Dyschirius globosus
Coleoptera,Adephaga,"Carabidae Latreille, 1802","Trechinae Bonelli, 1810","Broscus Panzer, 1813",Broscus cephalotes
Coleoptera,Adephaga,"Carabidae Latreille, 1802","Trechinae Bonelli, 1810","Miscodera Eschscholtz, 1830",Miscodera arctica
Coleoptera,Adephaga,"Carabidae Latreille, 1802","Trechinae Bonelli, 1810","Patrobus Dejean, 1821",Patrobus septentrionis
Coleoptera,Adephaga,"Carabidae Latreille, 1802","Trechinae Bonelli, 1810","Patrobus Dejean, 1821",Patrobus assimilis
Coleoptera,Adephaga,"Carabidae Latreille, 1802","Trechinae Bonelli, 1810","Patrobus Dejean, 1821",Patrobus atrorufus
Coleoptera,Adephaga,"Carabidae Latreille, 1802","Trechinae Bonelli, 1810","Rhysodes Dejean, 1821",Rhysodes sulcatus
Coleoptera,Adephaga,"Carabidae Latreille, 1802","Trechinae Bonelli, 1810","Perileptus Schaum, 1860",Perileptus areolatus
Coleoptera,Adephaga,"Carabidae Latreille, 1802","Trechinae Bonelli, 1810","Aepus Samouelle, 1819",Aepus marinus
Coleoptera,Adephaga,"Carabidae Latreille, 1802","Trechinae Bonelli, 1810","Trechus Clairville, 1806",Trechus secalis
Coleoptera,Adephaga,"Carabidae Latreille, 1802","Trechinae Bonelli, 1810","Trechus Clairville, 1806",Trechus rivularis
Coleoptera,Adephaga,"Carabidae Latreille, 1802","Trechinae Bonelli, 1810","Trechus Clairville, 1806",Trechus rubens
Coleoptera,Adephaga,"Carabidae Latreille, 1802","Trechinae Bonelli, 1810","Trechus Clairville, 1806",Trechus cuniculorum
Coleoptera,Adephaga,"Carabidae Latreille, 1802","Trechinae Bonelli, 1810","Trechus Clairville, 1806",Trechus fulvus
Coleoptera,Adephaga,"Carabidae Latreille, 1802","Trechinae Bonelli, 1810","Trechus Clairville, 1806",Trechus quadristriatus
Coleoptera,Adephaga,"Carabidae Latreille, 1802","Trechinae Bonelli, 1810","Trechus Clairville, 1806",Trechus obtusus
Coleoptera,Adephaga,"Carabidae Latreille, 1802","Trechinae Bonelli, 1810","Trechus Clairville, 1806",Trechus austriacus
Coleoptera,Adephaga,"Carabidae Latreille, 1802","Trechinae Bonelli, 1810","Trechoblemus Ganglbauer, 1891",Trechoblemus micros
Coleoptera,Adephaga,"Carabidae Latreille, 1802","Trechinae Bonelli, 1810","Blemus Dejean, 1821",Blemus discus
Coleoptera,Adephaga,"Carabidae Latreille, 1802","Trechinae Bonelli, 1810","Pogonus Dejean, 1821",Pogonus luridipennis
Coleoptera,Adephaga,"Carabidae Latreille, 1802","Trechinae Bonelli, 1810","Pogonus Dejean, 1821",Pogonus chalceus
Coleoptera,Adephaga,"Carabidae Latreille, 1802","Trechinae Bonelli, 1810","Asaphidion Des Gozis, 1886",Asaphidion caraboides
Coleoptera,Adephaga,"Carabidae Latreille, 1802","Trechinae Bonelli, 1810","Asaphidion Des Gozis, 1886",Asaphidion pallipes
Coleoptera,Adephaga,"Carabidae Latreille, 1802","Trechinae Bonelli, 1810","Asaphidion Des Gozis, 1886",Asaphidion flavipes
Coleoptera,Adephaga,"Carabidae Latreille, 1802","Trechinae Bonelli, 1810","Asaphidion Des Gozis, 1886",Asaphidion curtum
Coleoptera,Adephaga,"Carabidae Latreille, 1802","Trechinae Bonelli, 1810","Asaphidion Des Gozis, 1886",Asaphidion austriacum
Coleoptera,Adephaga,"Carabidae Latreille, 1802","Trechinae Bonelli, 1810","Bembidion Latreille, 1802",Bembidion striatum
Coleoptera,Adephaga,"Carabidae Latreille, 1802","Trechinae Bonelli, 1810","Bembidion Latreille, 1802",Bembidion velox
Coleoptera,Adephaga,"Carabidae Latreille, 1802","Trechinae Bonelli, 1810","Bembidion Latreille, 1802",Bembidion lapponicum
Coleoptera,Adephaga,"Carabidae Latreille, 1802","Trechinae Bonelli, 1810","Bembidion Latreille, 1802",Bembidion argenteolum
Coleoptera,Adephaga,"Carabidae Latreille, 1802","Trechinae Bonelli, 1810","Bembidion Latreille, 1802",Bembidion litorale
Coleoptera,Adephaga,"Carabidae Latreille, 1802","Trechinae Bonelli, 1810","Bembidion Latreille, 1802",Bembidion nigricorne
Coleoptera,Adephaga,"Carabidae Latreille, 1802","Trechinae Bonelli, 1810","Bembidion Latreille, 1802",Bembidion pygmaeum
Coleoptera,Adephaga,"Carabidae Latreille, 1802","Trechinae Bonelli, 1810","Bembidion Latreille, 1802",Bembidion lampros
Coleoptera,Adephaga,"Carabidae Latreille, 1802","Trechinae Bonelli, 1810","Bembidion Latreille, 1802",Bembidion properans
Coleoptera,Adephaga,"Carabidae Latreille, 1802","Trechinae Bonelli, 1810","Bembidion Latreille, 1802",Bembidion obtusum
Coleoptera,Adephaga,"Carabidae Latreille, 1802","Trechinae Bonelli, 1810","Bembidion Latreille, 1802",Bembidion punctulatum
Coleoptera,Adephaga,"Carabidae Latreille, 1802","Trechinae Bonelli, 1810","Bembidion Latreille, 1802",Bembidion bipunctatum
Coleoptera,Adephaga,"Carabidae Latreille, 1802","Trechinae Bonelli, 1810","Bembidion Latreille, 1802",Bembidion ruficolle
Coleoptera,Adephaga,"Carabidae Latreille, 1802","Trechinae Bonelli, 1810","Bembidion Latreille, 1802",Bembidion pallidipenne
Coleoptera,Adephaga,"Carabidae Latreille, 1802","Trechinae Bonelli, 1810","Bembidion Latreille, 1802",Bembidion tetragrammum
Coleoptera,Adephaga,"Carabidae Latreille, 1802","Trechinae Bonelli, 1810","Bembidion Latreille, 1802",Bembidion illigeri
Coleoptera,Adephaga,"Carabidae Latreille, 1802","Trechinae Bonelli, 1810","Bembidion Latreille, 1802",Bembidion fellmanni
Coleoptera,Adephaga,"Carabidae Latreille, 1802","Trechinae Bonelli, 1810","Bembidion Latreille, 1802",Bembidion difficile
Coleoptera,Adephaga,"Carabidae Latreille, 1802","Trechinae Bonelli, 1810","Bembidion Latreille, 1802",Bembidion crenulatum
Coleoptera,Adephaga,"Carabidae Latreille, 1802","Trechinae Bonelli, 1810","Bembidion Latreille, 1802",B. c. ponojense
Coleoptera,Adephaga,"Carabidae Latreille, 1802","Trechinae Bonelli, 1810","Bembidion Latreille, 1802",Bembidion prasinum
Coleoptera,Adephaga,"Carabidae Latreille, 1802","Trechinae Bonelli, 1810","Bembidion Latreille, 1802",Bembidion hyperboraeorum
Coleoptera,Adephaga,"Carabidae Latreille, 1802","Trechinae Bonelli, 1810","Bembidion Latreille, 1802",Bembidion virens
Coleoptera,Adephaga,"Carabidae Latreille, 1802","Trechinae Bonelli, 1810","Bembidion Latreille, 1802",Bembidion hastii
Coleoptera,Adephaga,"Carabidae Latreille, 1802","Trechinae Bonelli, 1810","Bembidion Latreille, 1802",Bembidion hirmocaelum
Coleoptera,Adephaga,"Carabidae Latreille, 1802","Trechinae Bonelli, 1810","Bembidion Latreille, 1802",Bembidion tibiale
Coleoptera,Adephaga,"Carabidae Latreille, 1802","Trechinae Bonelli, 1810","Bembidion Latreille, 1802",Bembidion mckinleyi
Coleoptera,Adephaga,"Carabidae Latreille, 1802","Trechinae Bonelli, 1810","Bembidion Latreille, 1802",B. m. scandicum
Coleoptera,Adephaga,"Carabidae Latreille, 1802","Trechinae Bonelli, 1810","Bembidion Latreille, 1802",Bembidion monticola
Coleoptera,Adephaga,"Carabidae Latreille, 1802","Trechinae Bonelli, 1810","Bembidion Latreille, 1802",Bembidion deletum
Coleoptera,Adephaga,"Carabidae Latreille, 1802","Trechinae Bonelli, 1810","Bembidion Latreille, 1802",Bembidion stephensi
Coleoptera,Adephaga,"Carabidae Latreille, 1802","Trechinae Bonelli, 1810","Bembidion Latreille, 1802",Bembidion lunatum
Coleoptera,Adephaga,"Carabidae Latreille, 1802","Trechinae Bonelli, 1810","Bembidion Latreille, 1802",Bembidion grapii
Coleoptera,Adephaga,"Carabidae Latreille, 1802","Trechinae Bonelli, 1810","Bembidion Latreille, 1802",Bembidion yukonum
Coleoptera,Adephaga,"Carabidae Latreille, 1802","Trechinae Bonelli, 1810","Bembidion Latreille, 1802",Bembidion dauricum
Coleoptera,Adephaga,"Carabidae Latreille, 1802","Trechinae Bonelli, 1810","Bembidion Latreille, 1802",Bembidion tetracolum
Coleoptera,Adephaga,"Carabidae Latreille, 1802","Trechinae Bonelli, 1810","Bembidion Latreille, 1802",Bembidion bruxellense
Coleoptera,Adephaga,"Carabidae Latreille, 1802","Trechinae Bonelli, 1810","Bembidion Latreille, 1802",Bembidion petrosum
Coleoptera,Adephaga,"Carabidae Latreille, 1802","Trechinae Bonelli, 1810","Bembidion Latreille, 1802",B. p. siebkei
Coleoptera,Adephaga,"Carabidae Latreille, 1802","Trechinae Bonelli, 1810","Bembidion Latreille, 1802",B. p. carlhlindrothi
Coleoptera,Adephaga,"Carabidae Latreille, 1802","Trechinae Bonelli, 1810","Bembidion Latreille, 1802",Bembidion cruciatum
Coleoptera,Adephaga,"Carabidae Latreille, 1802","Trechinae Bonelli, 1810","Bembidion Latreille, 1802",Bembidion andreae
Coleoptera,Adephaga,"Carabidae Latreille, 1802","Trechinae Bonelli, 1810","Bembidion Latreille, 1802",B. a. polonicum
Coleoptera,Adephaga,"Carabidae Latreille, 1802","Trechinae Bonelli, 1810","Bembidion Latreille, 1802",Bembidion femoratum
Coleoptera,Adephaga,"Carabidae Latreille, 1802","Trechinae Bonelli, 1810","Bembidion Latreille, 1802",Bembidion maritimum
Coleoptera,Adephaga,"Carabidae Latreille, 1802","Trechinae Bonelli, 1810","Bembidion Latreille, 1802",Bembidion obscurellum
Coleoptera,Adephaga,"Carabidae Latreille, 1802","Trechinae Bonelli, 1810","Bembidion Latreille, 1802",Bembidion saxatile
Coleoptera,Adephaga,"Carabidae Latreille, 1802","Trechinae Bonelli, 1810","Bembidion Latreille, 1802",Bembidion decorum
Coleoptera,Adephaga,"Carabidae Latreille, 1802","Trechinae Bonelli, 1810","Bembidion Latreille, 1802",Bembidion dentellum
Coleoptera,Adephaga,"Carabidae Latreille, 1802","Trechinae Bonelli, 1810","Bembidion Latreille, 1802",Bembidion tinctum
Coleoptera,Adephaga,"Carabidae Latreille, 1802","Trechinae Bonelli, 1810","Bembidion Latreille, 1802",Bembidion varium
Coleoptera,Adephaga,"Carabidae Latreille, 1802","Trechinae Bonelli, 1810","Bembidion Latreille, 1802",Bembidion semipunctatum
Coleoptera,Adephaga,"Carabidae Latreille, 1802","Trechinae Bonelli, 1810","Bembidion Latreille, 1802",Bembidion obliquum
Coleoptera,Adephaga,"Carabidae Latreille, 1802","Trechinae Bonelli, 1810","Bembidion Latreille, 1802",Bembidion ephippium
Coleoptera,Adephaga,"Carabidae Latreille, 1802","Trechinae Bonelli, 1810","Bembidion Latreille, 1802",Bembidion minimum
Coleoptera,Adephaga,"Carabidae Latreille, 1802","Trechinae Bonelli, 1810","Bembidion Latreille, 1802",Bembidion normannum
Coleoptera,Adephaga,"Carabidae Latreille, 1802","Trechinae Bonelli, 1810","Bembidion Latreille, 1802",Bembidion azurescens
Coleoptera,Adephaga,"Carabidae Latreille, 1802","Trechinae Bonelli, 1810","Bembidion Latreille, 1802",Bembidion tenellum
Coleoptera,Adephaga,"Carabidae Latreille, 1802","Trechinae Bonelli, 1810","Bembidion Latreille, 1802",Bembidion articulatum
Coleoptera,Adephaga,"Carabidae Latreille, 1802","Trechinae Bonelli, 1810","Bembidion Latreille, 1802",Bembidion octomaculatum
Coleoptera,Adephaga,"Carabidae Latreille, 1802","Trechinae Bonelli, 1810","Bembidion Latreille, 1802",Bembidion doris
Coleoptera,Adephaga,"Carabidae Latreille, 1802","Trechinae Bonelli, 1810","Bembidion Latreille, 1802",Bembidion schueppelii
Coleoptera,Adephaga,"Carabidae Latreille, 1802","Trechinae Bonelli, 1810","Bembidion Latreille, 1802",Bembidion chaudoirii
Coleoptera,Adephaga,"Carabidae Latreille, 1802","Trechinae Bonelli, 1810","Bembidion Latreille, 1802",Bembidion gilvipes
Coleoptera,Adephaga,"Carabidae Latreille, 1802","Trechinae Bonelli, 1810","Bembidion Latreille, 1802",Bembidion fumigatum
Coleoptera,Adephaga,"Carabidae Latreille, 1802","Trechinae Bonelli, 1810","Bembidion Latreille, 1802",Bembidion assimile
Coleoptera,Adephaga,"Carabidae Latreille, 1802","Trechinae Bonelli, 1810","Bembidion Latreille, 1802",Bembidion clarkii
Coleoptera,Adephaga,"Carabidae Latreille, 1802","Trechinae Bonelli, 1810","Bembidion Latreille, 1802",Bembidion transparens
Coleoptera,Adephaga,"Carabidae Latreille, 1802","Trechinae Bonelli, 1810","Bembidion Latreille, 1802",Bembidion quadrimaculatum
Coleoptera,Adephaga,"Carabidae Latreille, 1802","Trechinae Bonelli, 1810","Bembidion Latreille, 1802",Bembidion humerale
Coleoptera,Adephaga,"Carabidae Latreille, 1802","Trechinae Bonelli, 1810","Bembidion Latreille, 1802",Bembidion quadripustulatum
Coleoptera,Adephaga,"Carabidae Latreille, 1802","Trechinae Bonelli, 1810","Bembidion Latreille, 1802",Bembidion biguttatum
Coleoptera,Adephaga,"Carabidae Latreille, 1802","Trechinae Bonelli, 1810","Bembidion Latreille, 1802",Bembidion iricolor
Coleoptera,Adephaga,"Carabidae Latreille, 1802","Trechinae Bonelli, 1810","Bembidion Latreille, 1802",Bembidion lunulatum
Coleoptera,Adephaga,"Carabidae Latreille, 1802","Trechinae Bonelli, 1810","Bembidion Latreille, 1802",Bembidion aeneum
Coleoptera,Adephaga,"Carabidae Latreille, 1802","Trechinae Bonelli, 1810","Bembidion Latreille, 1802",Bembidion guttula
Coleoptera,Adephaga,"Carabidae Latreille, 1802","Trechinae Bonelli, 1810","Bembidion Latreille, 1802",Bembidion neresheimeri
Coleoptera,Adephaga,"Carabidae Latreille, 1802","Trechinae Bonelli, 1810","Bembidion Latreille, 1802",Bembidion mannerheimi
Coleoptera,Adephaga,"Carabidae Latreille, 1802","Trechinae Bonelli, 1810","Ocys Stephens, 1828",Ocys harpaloides
Coleoptera,Adephaga,"Carabidae Latreille, 1802","Trechinae Bonelli, 1810","Ocys Stephens, 1828",Ocys quinquestriatus
Coleoptera,Adephaga,"Carabidae Latreille, 1802","Trechinae Bonelli, 1810","Cillenus Leach, 1819",Cillenus lateralis
Coleoptera,Adephaga,"Carabidae Latreille, 1802","Trechinae Bonelli, 1810","Tachys Dejean, 1821",Tachys bistriatus
Coleoptera,Adephaga,"Carabidae Latreille, 1802","Trechinae Bonelli, 1810","Porotachys Netolitzky, 1914",Porotachys bisulcatus
Coleoptera,Adephaga,"Carabidae Latreille, 1802","Trechinae Bonelli, 1810","Tachyra Motschulsky, 1862",Tachyra parvula
Coleoptera,Adephaga,"Carabidae Latreille, 1802","Trechinae Bonelli, 1810","Tachyta Kirby, 1837",Tachyta nana
Coleoptera,Adephaga,"Carabidae Latreille, 1802","Harpalinae Bonelli, 1810","Stomis Clairville, 1806",Stomis pumicatus
Coleoptera,Adephaga,"Carabidae Latreille, 1802","Harpalinae Bonelli, 1810","Poecilus Bonelli, 1810",Poecilus punctulatus
Coleoptera,Adephaga,"Carabidae Latreille, 1802","Harpalinae Bonelli, 1810","Poecilus Bonelli, 1810",Poecilus lepidus
Coleoptera,Adephaga,"Carabidae Latreille, 1802","Harpalinae Bonelli, 1810","Poecilus Bonelli, 1810",Poecilus kugelanni
Coleoptera,Adephaga,"Carabidae Latreille, 1802","Harpalinae Bonelli, 1810","Poecilus Bonelli, 1810",Poecilus cupreus
Coleoptera,Adephaga,"Carabidae Latreille, 1802","Harpalinae Bonelli, 1810","Poecilus Bonelli, 1810",Poecilus versicolor
Coleoptera,Adephaga,"Carabidae Latreille, 1802","Harpalinae Bonelli, 1810","Pedius Motschulsky, 1850",Pedius longicollis
Coleoptera,Adephaga,"Carabidae Latreille, 1802","Harpalinae Bonelli, 1810","Pterostichus Bonelli, 1810",Pterostichus crenatus
Coleoptera,Adephaga,"Carabidae Latreille, 1802","Harpalinae Bonelli, 1810","Pterostichus Bonelli, 1810",Pterostichus macer
Coleoptera,Adephaga,"Carabidae Latreille, 1802","Harpalinae Bonelli, 1810","Pterostichus Bonelli, 1810",Pterostichus aterrimus
Coleoptera,Adephaga,"Carabidae Latreille, 1802","Harpalinae Bonelli, 1810","Pterostichus Bonelli, 1810",Pterostichus aethiops
Coleoptera,Adephaga,"Carabidae Latreille, 1802","Harpalinae Bonelli, 1810","Pterostichus Bonelli, 1810",Pterostichus madidus
Coleoptera,Adephaga,"Carabidae Latreille, 1802","Harpalinae Bonelli, 1810","Pterostichus Bonelli, 1810",Pterostichus oblongopunctatus
Coleoptera,Adephaga,"Carabidae Latreille, 1802","Harpalinae Bonelli, 1810","Pterostichus Bonelli, 1810",Pterostichus adstrictus
Coleoptera,Adephaga,"Carabidae Latreille, 1802","Harpalinae Bonelli, 1810","Pterostichus Bonelli, 1810",Pterostichus quadrifoveolatus
Coleoptera,Adephaga,"Carabidae Latreille, 1802","Harpalinae Bonelli, 1810","Pterostichus Bonelli, 1810",Pterostichus niger
Coleoptera,Adephaga,"Carabidae Latreille, 1802","Harpalinae Bonelli, 1810","Pterostichus Bonelli, 1810",Pterostichus melanarius
Coleoptera,Adephaga,"Carabidae Latreille, 1802","Harpalinae Bonelli, 1810","Pterostichus Bonelli, 1810",Pterostichus vulgaris
Coleoptera,Adephaga,"Carabidae Latreille, 1802","Harpalinae Bonelli, 1810","Pterostichus Bonelli, 1810",Pterostichus nigrita
Coleoptera,Adephaga,"Carabidae Latreille, 1802","Harpalinae Bonelli, 1810","Pterostichus Bonelli, 1810",Pterostichus rhaeticus
Coleoptera,Adephaga,"Carabidae Latreille, 1802","Harpalinae Bonelli, 1810","Pterostichus Bonelli, 1810",Pterostichus anthracinus
Coleoptera,Adephaga,"Carabidae Latreille, 1802","Harpalinae Bonelli, 1810","Pterostichus Bonelli, 1810",Pterostichus gracilis
Coleoptera,Adephaga,"Carabidae Latreille, 1802","Harpalinae Bonelli, 1810","Pterostichus Bonelli, 1810",Pterostichus minor
Coleoptera,Adephaga,"Carabidae Latreille, 1802","Harpalinae Bonelli, 1810","Pterostichus Bonelli, 1810",Pterostichus strenuus
Coleoptera,Adephaga,"Carabidae Latreille, 1802","Harpalinae Bonelli, 1810","Pterostichus Bonelli, 1810",Pterostichus diligens
Coleoptera,Adephaga,"Carabidae Latreille, 1802","Harpalinae Bonelli, 1810","Pterostichus Bonelli, 1810",Pterostichus brevicornis
Coleoptera,Adephaga,"Carabidae Latreille, 1802","Harpalinae Bonelli, 1810","Pterostichus Bonelli, 1810",Pterostichus middendorffi
Coleoptera,Adephaga,"Carabidae Latreille, 1802","Harpalinae Bonelli, 1810","Pterostichus Bonelli, 1810",Pterostichus melas
Coleoptera,Adephaga,"Carabidae Latreille, 1802","Harpalinae Bonelli, 1810","Pterostichus Bonelli, 1810",Pterostichus burmeisteri
Coleoptera,Adephaga,"Carabidae Latreille, 1802","Harpalinae Bonelli, 1810","Abax Bonelli, 1810",Abax parallelepipedus
Coleoptera,Adephaga,"Carabidae Latreille, 1802","Harpalinae Bonelli, 1810","Calathus Bonelli, 1810",Calathus fuscipes
Coleoptera,Adephaga,"Carabidae Latreille, 1802","Harpalinae Bonelli, 1810","Calathus Bonelli, 1810",Calathus erratus
Coleoptera,Adephaga,"Carabidae Latreille, 1802","Harpalinae Bonelli, 1810","Calathus Bonelli, 1810",Calathus ambiguus
Coleoptera,Adephaga,"Carabidae Latreille, 1802","Harpalinae Bonelli, 1810","Calathus Bonelli, 1810",Calathus melanocephalus
Coleoptera,Adephaga,"Carabidae Latreille, 1802","Harpalinae Bonelli, 1810","Calathus Bonelli, 1810",Calathus cinctus
Coleoptera,Adephaga,"Carabidae Latreille, 1802","Harpalinae Bonelli, 1810","Calathus Bonelli, 1810",Calathus mollis
Coleoptera,Adephaga,"Carabidae Latreille, 1802","Harpalinae Bonelli, 1810","Calathus Bonelli, 1810",Calathus micropterus
Coleoptera,Adephaga,"Carabidae Latreille, 1802","Harpalinae Bonelli, 1810","Calathus Bonelli, 1810",Calathus rotundicollis
Coleoptera,Adephaga,"Carabidae Latreille, 1802","Harpalinae Bonelli, 1810","Sphodrus Clairville, 1806",Sphodrus leucophthalmus
Coleoptera,Adephaga,"Carabidae Latreille, 1802","Harpalinae Bonelli, 1810","Laemostenus Bonelli, 1810",Laemostenus terricola
Coleoptera,Adephaga,"Carabidae Latreille, 1802","Harpalinae Bonelli, 1810","Dolichus Bonelli, 1810",Dolichus halensis
Coleoptera,Adephaga,"Carabidae Latreille, 1802","Harpalinae Bonelli, 1810","Synuchus Gyllenhal, 1810",Synuchus vivalis
Coleoptera,Adephaga,"Carabidae Latreille, 1802","Harpalinae Bonelli, 1810","Platyderus Stephens, 1828",Platyderus depressus
Coleoptera,Adephaga,"Carabidae Latreille, 1802","Harpalinae Bonelli, 1810","Olisthopus Dejean, 1828",Olisthopus rotundatus
Coleoptera,Adephaga,"Carabidae Latreille, 1802","Harpalinae Bonelli, 1810","Sericoda Kirby, 1837",Sericoda bogemannii
Coleoptera,Adephaga,"Carabidae Latreille, 1802","Harpalinae Bonelli, 1810","Sericoda Kirby, 1837",Sericoda quadripunctata
Coleoptera,Adephaga,"Carabidae Latreille, 1802","Harpalinae Bonelli, 1810","Anchomenus Bonelli, 1810",Anchomenus dorsalis
Coleoptera,Adephaga,"Carabidae Latreille, 1802","Harpalinae Bonelli, 1810","Oxyselaphus Chaudoir, 1843",Oxyselaphus obscurus
Coleoptera,Adephaga,"Carabidae Latreille, 1802","Harpalinae Bonelli, 1810","Paranchus Lindroth, 1974",Paranchus albipes
Coleoptera,Adephaga,"Carabidae Latreille, 1802","Harpalinae Bonelli, 1810","Platynus Bonelli, 1810",Platynus livens
Coleoptera,Adephaga,"Carabidae Latreille, 1802","Harpalinae Bonelli, 1810","Platynus Bonelli, 1810",Platynus mannerheimii
Coleoptera,Adephaga,"Carabidae Latreille, 1802","Harpalinae Bonelli, 1810","Platynus Bonelli, 1810",Platynus assimilis
Coleoptera,Adephaga,"Carabidae Latreille, 1802","Harpalinae Bonelli, 1810","Platynus Bonelli, 1810",Platynus krynickii
Coleoptera,Adephaga,"Carabidae Latreille, 1802","Harpalinae Bonelli, 1810","Platynus Bonelli, 1810",Platynus longiventris
Coleoptera,Adephaga,"Carabidae Latreille, 1802","Harpalinae Bonelli, 1810","Agonum Bonelli, 1810",Agonum scitulum
Coleoptera,Adephaga,"Carabidae Latreille, 1802","Harpalinae Bonelli, 1810","Agonum Bonelli, 1810",Agonum micans
Coleoptera,Adephaga,"Carabidae Latreille, 1802","Harpalinae Bonelli, 1810","Agonum Bonelli, 1810",Agonum piceum
Coleoptera,Adephaga,"Carabidae Latreille, 1802","Harpalinae Bonelli, 1810","Agonum Bonelli, 1810",Agonum gracile
Coleoptera,Adephaga,"Carabidae Latreille, 1802","Harpalinae Bonelli, 1810","Agonum Bonelli, 1810",Agonum fuliginosum
Coleoptera,Adephaga,"Carabidae Latreille, 1802","Harpalinae Bonelli, 1810","Agonum Bonelli, 1810",Agonum thoreyi
Coleoptera,Adephaga,"Carabidae Latreille, 1802","Harpalinae Bonelli, 1810","Agonum Bonelli, 1810",Agonum consimile
Coleoptera,Adephaga,"Carabidae Latreille, 1802","Harpalinae Bonelli, 1810","Agonum Bonelli, 1810",Agonum munsteri
Coleoptera,Adephaga,"Carabidae Latreille, 1802","Harpalinae Bonelli, 1810","Agonum Bonelli, 1810",Agonum exaratum
Coleoptera,Adephaga,"Carabidae Latreille, 1802","Harpalinae Bonelli, 1810","Agonum Bonelli, 1810",Agonum gracilipes
Coleoptera,Adephaga,"Carabidae Latreille, 1802","Harpalinae Bonelli, 1810","Agonum Bonelli, 1810",Agonum marginatum
Coleoptera,Adephaga,"Carabidae Latreille, 1802","Harpalinae Bonelli, 1810","Agonum Bonelli, 1810",Agonum sexpunctatum
Coleoptera,Adephaga,"Carabidae Latreille, 1802","Harpalinae Bonelli, 1810","Agonum Bonelli, 1810",Agonum impressum
Coleoptera,Adephaga,"Carabidae Latreille, 1802","Harpalinae Bonelli, 1810","Agonum Bonelli, 1810",Agonum ericeti
Coleoptera,Adephaga,"Carabidae Latreille, 1802","Harpalinae Bonelli, 1810","Agonum Bonelli, 1810",Agonum viridicupreum
Coleoptera,Adephaga,"Carabidae Latreille, 1802","Harpalinae Bonelli, 1810","Agonum Bonelli, 1810",Agonum muelleri
Coleoptera,Adephaga,"Carabidae Latreille, 1802","Harpalinae Bonelli, 1810","Agonum Bonelli, 1810",Agonum chalconotum
Coleoptera,Adephaga,"Carabidae Latreille, 1802","Harpalinae Bonelli, 1810","Agonum Bonelli, 1810",Agonum dolens
Coleoptera,Adephaga,"Carabidae Latreille, 1802","Harpalinae Bonelli, 1810","Agonum Bonelli, 1810",Agonum versutum
Coleoptera,Adephaga,"Carabidae Latreille, 1802","Harpalinae Bonelli, 1810","Agonum Bonelli, 1810",Agonum hypocrita
Coleoptera,Adephaga,"Carabidae Latreille, 1802","Harpalinae Bonelli, 1810","Agonum Bonelli, 1810",Agonum viduum
Coleoptera,Adephaga,"Carabidae Latreille, 1802","Harpalinae Bonelli, 1810","Agonum Bonelli, 1810",Agonum afrum
Coleoptera,Adephaga,"Carabidae Latreille, 1802","Harpalinae Bonelli, 1810","Agonum Bonelli, 1810",Agonum duftschmidi
Coleoptera,Adephaga,"Carabidae Latreille, 1802","Harpalinae Bonelli, 1810","Agonum Bonelli, 1810",Agonum lugens
Coleoptera,Adephaga,"Carabidae Latreille, 1802","Harpalinae Bonelli, 1810","Amara Bonelli, 1810",Amara strenua
Coleoptera,Adephaga,"Carabidae Latreille, 1802","Harpalinae Bonelli, 1810","Amara Bonelli, 1810",Amara tricuspidata
Coleoptera,Adephaga,"Carabidae Latreille, 1802","Harpalinae Bonelli, 1810","Amara Bonelli, 1810",Amara plebeja
Coleoptera,Adephaga,"Carabidae Latreille, 1802","Harpalinae Bonelli, 1810","Amara Bonelli, 1810",Amara concinna
Coleoptera,Adephaga,"Carabidae Latreille, 1802","Harpalinae Bonelli, 1810","Amara Bonelli, 1810",Amara similata
Coleoptera,Adephaga,"Carabidae Latreille, 1802","Harpalinae Bonelli, 1810","Amara Bonelli, 1810",Amara ovata
Coleoptera,Adephaga,"Carabidae Latreille, 1802","Harpalinae Bonelli, 1810","Amara Bonelli, 1810",Amara montivaga
Coleoptera,Adephaga,"Carabidae Latreille, 1802","Harpalinae Bonelli, 1810","Amara Bonelli, 1810",Amara nitida
Coleoptera,Adephaga,"Carabidae Latreille, 1802","Harpalinae Bonelli, 1810","Amara Bonelli, 1810",Amara communis
Coleoptera,Adephaga,"Carabidae Latreille, 1802","Harpalinae Bonelli, 1810","Amara Bonelli, 1810",Amara pulpani
Coleoptera,Adephaga,"Carabidae Latreille, 1802","Harpalinae Bonelli, 1810","Amara Bonelli, 1810",Amara convexior
Coleoptera,Adephaga,"Carabidae Latreille, 1802","Harpalinae Bonelli, 1810","Amara Bonelli, 1810",Amara nigricornis
Coleoptera,Adephaga,"Carabidae Latreille, 1802","Harpalinae Bonelli, 1810","Amara Bonelli, 1810",Amara lunicollis
Coleoptera,Adephaga,"Carabidae Latreille, 1802","Harpalinae Bonelli, 1810","Amara Bonelli, 1810",Amara curta
Coleoptera,Adephaga,"Carabidae Latreille, 1802","Harpalinae Bonelli, 1810","Amara Bonelli, 1810",Amara littorea
Coleoptera,Adephaga,"Carabidae Latreille, 1802","Harpalinae Bonelli, 1810","Amara Bonelli, 1810",Amara aenea
Coleoptera,Adephaga,"Carabidae Latreille, 1802","Harpalinae Bonelli, 1810","Amara Bonelli, 1810",Amara spreta
Coleoptera,Adephaga,"Carabidae Latreille, 1802","Harpalinae Bonelli, 1810","Amara Bonelli, 1810",Amara famelica
Coleoptera,Adephaga,"Carabidae Latreille, 1802","Harpalinae Bonelli, 1810","Amara Bonelli, 1810",Amara eurynota
Coleoptera,Adephaga,"Carabidae Latreille, 1802","Harpalinae Bonelli, 1810","Amara Bonelli, 1810",Amara familiaris
Coleoptera,Adephaga,"Carabidae Latreille, 1802","Harpalinae Bonelli, 1810","Amara Bonelli, 1810",Amara anthobia
Coleoptera,Adephaga,"Carabidae Latreille, 1802","Harpalinae Bonelli, 1810","Amara Bonelli, 1810",Amara lucida
Coleoptera,Adephaga,"Carabidae Latreille, 1802","Harpalinae Bonelli, 1810","Amara Bonelli, 1810",Amara tibialis
Coleoptera,Adephaga,"Carabidae Latreille, 1802","Harpalinae Bonelli, 1810","Amara Bonelli, 1810",Amara erratica
Coleoptera,Adephaga,"Carabidae Latreille, 1802","Harpalinae Bonelli, 1810","Amara Bonelli, 1810",Amara interstitialis
Coleoptera,Adephaga,"Carabidae Latreille, 1802","Harpalinae Bonelli, 1810","Amara Bonelli, 1810",Amara ingenua
Coleoptera,Adephaga,"Carabidae Latreille, 1802","Harpalinae Bonelli, 1810","Amara Bonelli, 1810",Amara fusca
Coleoptera,Adephaga,"Carabidae Latreille, 1802","Harpalinae Bonelli, 1810","Amara Bonelli, 1810",Amara cursitans
Coleoptera,Adephaga,"Carabidae Latreille, 1802","Harpalinae Bonelli, 1810","Amara Bonelli, 1810",Amara municipalis
Coleoptera,Adephaga,"Carabidae Latreille, 1802","Harpalinae Bonelli, 1810","Amara Bonelli, 1810",Amara bifrons
Coleoptera,Adephaga,"Carabidae Latreille, 1802","Harpalinae Bonelli, 1810","Amara Bonelli, 1810",Amara infima
Coleoptera,Adephaga,"Carabidae Latreille, 1802","Harpalinae Bonelli, 1810","Amara Bonelli, 1810",Amara praetermissa
Coleoptera,Adephaga,"Carabidae Latreille, 1802","Harpalinae Bonelli, 1810","Amara Bonelli, 1810",Amara brunnea
Coleoptera,Adephaga,"Carabidae Latreille, 1802","Harpalinae Bonelli, 1810","Amara Bonelli, 1810",Amara quenseli
Coleoptera,Adephaga,"Carabidae Latreille, 1802","Harpalinae Bonelli, 1810","Amara Bonelli, 1810",Amara crenata
Coleoptera,Adephaga,"Carabidae Latreille, 1802","Harpalinae Bonelli, 1810","Amara Bonelli, 1810",Amara apricaria
Coleoptera,Adephaga,"Carabidae Latreille, 1802","Harpalinae Bonelli, 1810","Amara Bonelli, 1810",Amara fulva
Coleoptera,Adephaga,"Carabidae Latreille, 1802","Harpalinae Bonelli, 1810","Amara Bonelli, 1810",Amara majuscula
Coleoptera,Adephaga,"Carabidae Latreille, 1802","Harpalinae Bonelli, 1810","Amara Bonelli, 1810",Amara consularis
Coleoptera,Adephaga,"Carabidae Latreille, 1802","Harpalinae Bonelli, 1810","Amara Bonelli, 1810",Amara aulica
Coleoptera,Adephaga,"Carabidae Latreille, 1802","Harpalinae Bonelli, 1810","Amara Bonelli, 1810",Amara gebleri
Coleoptera,Adephaga,"Carabidae Latreille, 1802","Harpalinae Bonelli, 1810","Amara Bonelli, 1810",Amara convexiuscula
Coleoptera,Adephaga,"Carabidae Latreille, 1802","Harpalinae Bonelli, 1810","Amara Bonelli, 1810",Amara torrida
Coleoptera,Adephaga,"Carabidae Latreille, 1802","Harpalinae Bonelli, 1810","Amara Bonelli, 1810",Amara alpina
Coleoptera,Adephaga,"Carabidae Latreille, 1802","Harpalinae Bonelli, 1810","Amara Bonelli, 1810",Amara hyperborea
Coleoptera,Adephaga,"Carabidae Latreille, 1802","Harpalinae Bonelli, 1810","Amara Bonelli, 1810",Amara equestris
Coleoptera,Adephaga,"Carabidae Latreille, 1802","Harpalinae Bonelli, 1810","Zabrus Clairville, 1806",Zabrus tenebrioides
Coleoptera,Adephaga,"Carabidae Latreille, 1802","Harpalinae Bonelli, 1810","Panagaeus Latreille, 1802",Panagaeus cruxmajor
Coleoptera,Adephaga,"Carabidae Latreille, 1802","Harpalinae Bonelli, 1810","Panagaeus Latreille, 1802",Panagaeus bipustulatus
Coleoptera,Adephaga,"Carabidae Latreille, 1802","Harpalinae Bonelli, 1810","Chlaenius Bonelli, 1810",Chlaenius tristis
Coleoptera,Adephaga,"Carabidae Latreille, 1802","Harpalinae Bonelli, 1810","Chlaenius Bonelli, 1810",Chlaenius spoliatus
Coleoptera,Adephaga,"Carabidae Latreille, 1802","Harpalinae Bonelli, 1810","Chlaenius Bonelli, 1810",Chlaenius nigricornis
Coleoptera,Adephaga,"Carabidae Latreille, 1802","Harpalinae Bonelli, 1810","Chlaenius Bonelli, 1810",Chlaenius nitidulus
Coleoptera,Adephaga,"Carabidae Latreille, 1802","Harpalinae Bonelli, 1810","Chlaenius Bonelli, 1810",Chlaenius tibialis
Coleoptera,Adephaga,"Carabidae Latreille, 1802","Harpalinae Bonelli, 1810","Chlaenius Bonelli, 1810",Chlaenius vestitus
Coleoptera,Adephaga,"Carabidae Latreille, 1802","Harpalinae Bonelli, 1810","Chlaenius Bonelli, 1810",Chlaenius sulcicollis
Coleoptera,Adephaga,"Carabidae Latreille, 1802","Harpalinae Bonelli, 1810","Chlaenius Bonelli, 1810",Chlaenius quadrisulcatus
Coleoptera,Adephaga,"Carabidae Latreille, 1802","Harpalinae Bonelli, 1810","Chlaenius Bonelli, 1810",Chlaenius costulatus
Coleoptera,Adephaga,"Carabidae Latreille, 1802","Harpalinae Bonelli, 1810","Callistus Bonelli, 1809",Callistus lunatus
Coleoptera,Adephaga,"Carabidae Latreille, 1802","Harpalinae Bonelli, 1810","Oodes Bonelli, 1810",Oodes helopioides
Coleoptera,Adephaga,"Carabidae Latreille, 1802","Harpalinae Bonelli, 1810","Oodes Bonelli, 1810",Oodes gracilis
Coleoptera,Adephaga,"Carabidae Latreille, 1802","Harpalinae Bonelli, 1810","Badister Clairville, 1806",Badister unipustulatus
Coleoptera,Adephaga,"Carabidae Latreille, 1802","Harpalinae Bonelli, 1810","Badister Clairville, 1806",Badister bullatus
Coleoptera,Adephaga,"Carabidae Latreille, 1802","Harpalinae Bonelli, 1810","Badister Clairville, 1806",Badister meridionalis
Coleoptera,Adephaga,"Carabidae Latreille, 1802","Harpalinae Bonelli, 1810","Badister Clairville, 1806",Badister lacertosus
Coleoptera,Adephaga,"Carabidae Latreille, 1802","Harpalinae Bonelli, 1810","Badister Clairville, 1806",Badister sodalis
Coleoptera,Adephaga,"Carabidae Latreille, 1802","Harpalinae Bonelli, 1810","Badister Clairville, 1806",Badister dorsiger
Coleoptera,Adephaga,"Carabidae Latreille, 1802","Harpalinae Bonelli, 1810","Badister Clairville, 1806",Badister peltatus
Coleoptera,Adephaga,"Carabidae Latreille, 1802","Harpalinae Bonelli, 1810","Badister Clairville, 1806",Badister dilatatus
Coleoptera,Adephaga,"Carabidae Latreille, 1802","Harpalinae Bonelli, 1810","Badister Clairville, 1806",Badister collaris
Coleoptera,Adephaga,"Carabidae Latreille, 1802","Harpalinae Bonelli, 1810","Licinus Latreille, 1802",Licinus depressus
Coleoptera,Adephaga,"Carabidae Latreille, 1802","Harpalinae Bonelli, 1810","Ophonus Stephens, 1828",Ophonus rupicola
Coleoptera,Adephaga,"Carabidae Latreille, 1802","Harpalinae Bonelli, 1810","Ophonus Stephens, 1828",Ophonus laticollis
Coleoptera,Adephaga,"Carabidae Latreille, 1802","Harpalinae Bonelli, 1810","Ophonus Stephens, 1828",Ophonus puncticollis
Coleoptera,Adephaga,"Carabidae Latreille, 1802","Harpalinae Bonelli, 1810","Ophonus Stephens, 1828",Ophonus melletii
Coleoptera,Adephaga,"Carabidae Latreille, 1802","Harpalinae Bonelli, 1810","Ophonus Stephens, 1828",Ophonus rufibarbis
Coleoptera,Adephaga,"Carabidae Latreille, 1802","Harpalinae Bonelli, 1810","Ophonus Stephens, 1828",Ophonus schaubergerianus
Coleoptera,Adephaga,"Carabidae Latreille, 1802","Harpalinae Bonelli, 1810","Ophonus Stephens, 1828",Ophonus puncticeps
Coleoptera,Adephaga,"Carabidae Latreille, 1802","Harpalinae Bonelli, 1810","Ophonus Stephens, 1828",Ophonus azureus
Coleoptera,Adephaga,"Carabidae Latreille, 1802","Harpalinae Bonelli, 1810","Harpalus Latreille, 1802",Harpalus griseus
Coleoptera,Adephaga,"Carabidae Latreille, 1802","Harpalinae Bonelli, 1810","Harpalus Latreille, 1802",Harpalus rufipes
Coleoptera,Adephaga,"Carabidae Latreille, 1802","Harpalinae Bonelli, 1810","Harpalus Latreille, 1802",Harpalus calceatus
Coleoptera,Adephaga,"Carabidae Latreille, 1802","Harpalinae Bonelli, 1810","Harpalus Latreille, 1802",Harpalus hospes
Coleoptera,Adephaga,"Carabidae Latreille, 1802","Harpalinae Bonelli, 1810","Harpalus Latreille, 1802",Harpalus melancholicus
Coleoptera,Adephaga,"Carabidae Latreille, 1802","Harpalinae Bonelli, 1810","Harpalus Latreille, 1802",Harpalus signaticornis
Coleoptera,Adephaga,"Carabidae Latreille, 1802","Harpalinae Bonelli, 1810","Harpalus Latreille, 1802",Harpalus affinis
Coleoptera,Adephaga,"Carabidae Latreille, 1802","Harpalinae Bonelli, 1810","Harpalus Latreille, 1802",Harpalus distinguendus
Coleoptera,Adephaga,"Carabidae Latreille, 1802","Harpalinae Bonelli, 1810","Harpalus Latreille, 1802",Harpalus smaragdinus
Coleoptera,Adephaga,"Carabidae Latreille, 1802","Harpalinae Bonelli, 1810","Harpalus Latreille, 1802",Harpalus caspius
Coleoptera,Adephaga,"Carabidae Latreille, 1802","Harpalinae Bonelli, 1810","Harpalus Latreille, 1802",Harpalus serripes
Coleoptera,Adephaga,"Carabidae Latreille, 1802","Harpalinae Bonelli, 1810","Harpalus Latreille, 1802",Harpalus autumnalis
Coleoptera,Adephaga,"Carabidae Latreille, 1802","Harpalinae Bonelli, 1810","Harpalus Latreille, 1802",Harpalus atratus
Coleoptera,Adephaga,"Carabidae Latreille, 1802","Harpalinae Bonelli, 1810","Harpalus Latreille, 1802",Harpalus solitaris
Coleoptera,Adephaga,"Carabidae Latreille, 1802","Harpalinae Bonelli, 1810","Harpalus Latreille, 1802",Harpalus latus
Coleoptera,Adephaga,"Carabidae Latreille, 1802","Harpalinae Bonelli, 1810","Harpalus Latreille, 1802",Harpalus nigritarsis
Coleoptera,Adephaga,"Carabidae Latreille, 1802","Harpalinae Bonelli, 1810","Harpalus Latreille, 1802",Harpalus luteicornis
Coleoptera,Adephaga,"Carabidae Latreille, 1802","Harpalinae Bonelli, 1810","Harpalus Latreille, 1802",Harpalus xanthopus
Coleoptera,Adephaga,"Carabidae Latreille, 1802","Harpalinae Bonelli, 1810","Harpalus Latreille, 1802",H. x. winkleri
Coleoptera,Adephaga,"Carabidae Latreille, 1802","Harpalinae Bonelli, 1810","Harpalus Latreille, 1802",Harpalus laevipes
Coleoptera,Adephaga,"Carabidae Latreille, 1802","Harpalinae Bonelli, 1810","Harpalus Latreille, 1802",Harpalus rubripes
Coleoptera,Adephaga,"Carabidae Latreille, 1802","Harpalinae Bonelli, 1810","Harpalus Latreille, 1802",Harpalus progrediens
Coleoptera,Adephaga,"Carabidae Latreille, 1802","Harpalinae Bonelli, 1810","Harpalus Latreille, 1802",Harpalus rufipalpis
Coleoptera,Adephaga,"Carabidae Latreille, 1802","Harpalinae Bonelli, 1810","Harpalus Latreille, 1802",Harpalus neglectus
Coleoptera,Adephaga,"Carabidae Latreille, 1802","Harpalinae Bonelli, 1810","Harpalus Latreille, 1802",Harpalus servus
Coleoptera,Adephaga,"Carabidae Latreille, 1802","Harpalinae Bonelli, 1810","Harpalus Latreille, 1802",Harpalus tardus
Coleoptera,Adephaga,"Carabidae Latreille, 1802","Harpalinae Bonelli, 1810","Harpalus Latreille, 1802",Harpalus modestus
Coleoptera,Adephaga,"Carabidae Latreille, 1802","Harpalinae Bonelli, 1810","Harpalus Latreille, 1802",Harpalus anxius
Coleoptera,Adephaga,"Carabidae Latreille, 1802","Harpalinae Bonelli, 1810","Harpalus Latreille, 1802",Harpalus subcylindricus
Coleoptera,Adephaga,"Carabidae Latreille, 1802","Harpalinae Bonelli, 1810","Harpalus Latreille, 1802",Harpalus picipennis
Coleoptera,Adephaga,"Carabidae Latreille, 1802","Harpalinae Bonelli, 1810","Harpalus Latreille, 1802",Harpalus pumilus
Coleoptera,Adephaga,"Carabidae Latreille, 1802","Harpalinae Bonelli, 1810","Harpalus Latreille, 1802",Harpalus froelichi
Coleoptera,Adephaga,"Carabidae Latreille, 1802","Harpalinae Bonelli, 1810","Harpalus Latreille, 1802",Harpalus hirtipes
Coleoptera,Adephaga,"Carabidae Latreille, 1802","Harpalinae Bonelli, 1810","Harpalus Latreille, 1802",Harpalus flavescens
Coleoptera,Adephaga,"Carabidae Latreille, 1802","Harpalinae Bonelli, 1810","Microderes Faldermann, 1835",Microderes brachypus
Coleoptera,Adephaga,"Carabidae Latreille, 1802","Harpalinae Bonelli, 1810","Anisodactylus Dejean, 1829",Anisodactylus poeciloides
Coleoptera,Adephaga,"Carabidae Latreille, 1802","Harpalinae Bonelli, 1810","Anisodactylus Dejean, 1829",Anisodactylus binotatus
Coleoptera,Adephaga,"Carabidae Latreille, 1802","Harpalinae Bonelli, 1810","Anisodactylus Dejean, 1829",Anisodactylus nemorivagus
Coleoptera,Adephaga,"Carabidae Latreille, 1802","Harpalinae Bonelli, 1810","Anisodactylus Dejean, 1829",Anisodactylus signatus
Coleoptera,Adephaga,"Carabidae Latreille, 1802","Harpalinae Bonelli, 1810","Diachromus Erichson, 1837",Diachromus germanus
Coleoptera,Adephaga,"Carabidae Latreille, 1802","Harpalinae Bonelli, 1810","Stenolophus Dejean, 1821",Stenolophus teutonus
Coleoptera,Adephaga,"Carabidae Latreille, 1802","Harpalinae Bonelli, 1810","Stenolophus Dejean, 1821",Stenolophus skrimshiranus
Coleoptera,Adephaga,"Carabidae Latreille, 1802","Harpalinae Bonelli, 1810","Stenolophus Dejean, 1821",Stenolophus mixtus
Coleoptera,Adephaga,"Carabidae Latreille, 1802","Harpalinae Bonelli, 1810","Bradycellus Erichson, 1837",Bradycellus ruficollis
Coleoptera,Adephaga,"Carabidae Latreille, 1802","Harpalinae Bonelli, 1810","Bradycellus Erichson, 1837",Bradycellus verbasci
Coleoptera,Adephaga,"Carabidae Latreille, 1802","Harpalinae Bonelli, 1810","Bradycellus Erichson, 1837",Bradycellus harpalinus
Coleoptera,Adephaga,"Carabidae Latreille, 1802","Harpalinae Bonelli, 1810","Bradycellus Erichson, 1837",Bradycellus csikii
Coleoptera,Adephaga,"Carabidae Latreille, 1802","Harpalinae Bonelli, 1810","Bradycellus Erichson, 1837",Bradycellus caucasicus
Coleoptera,Adephaga,"Carabidae Latreille, 1802","Harpalinae Bonelli, 1810","Dicheirotrichus Jacqelin du Val, 1857",Dicheirotrichus gustavii
Coleoptera,Adephaga,"Carabidae Latreille, 1802","Harpalinae Bonelli, 1810","Dicheirotrichus Jacqelin du Val, 1857",Dicheirotrichus mannerheimii
Coleoptera,Adephaga,"Carabidae Latreille, 1802","Harpalinae Bonelli, 1810","Dicheirotrichus Jacqelin du Val, 1857",Dicheirotrichus rufithorax
Coleoptera,Adephaga,"Carabidae Latreille, 1802","Harpalinae Bonelli, 1810","Dicheirotrichus Jacqelin du Val, 1857",Dicheirotrichus cognatus
Coleoptera,Adephaga,"Carabidae Latreille, 1802","Harpalinae Bonelli, 1810","Dicheirotrichus Jacqelin du Val, 1857",Dicheirotrichus placidus
Coleoptera,Adephaga,"Carabidae Latreille, 1802","Harpalinae Bonelli, 1810","Acupalpus Dejean, 1829",Acupalpus flavicollis
Coleoptera,Adephaga,"Carabidae Latreille, 1802","Harpalinae Bonelli, 1810","Acupalpus Dejean, 1829",Acupalpus brunnipes
Coleoptera,Adephaga,"Carabidae Latreille, 1802","Harpalinae Bonelli, 1810","Acupalpus Dejean, 1829",Acupalpus meridianus
Coleoptera,Adephaga,"Carabidae Latreille, 1802","Harpalinae Bonelli, 1810","Acupalpus Dejean, 1829",Acupalpus suturalis
Coleoptera,Adephaga,"Carabidae Latreille, 1802","Harpalinae Bonelli, 1810","Acupalpus Dejean, 1829",Acupalpus parvulus
Coleoptera,Adephaga,"Carabidae Latreille, 1802","Harpalinae Bonelli, 1810","Acupalpus Dejean, 1829",Acupalpus dubius
Coleoptera,Adephaga,"Carabidae Latreille, 1802","Harpalinae Bonelli, 1810","Acupalpus Dejean, 1829",Acupalpus exiguus
Coleoptera,Adephaga,"Carabidae Latreille, 1802","Harpalinae Bonelli, 1810","Acupalpus Dejean, 1829",Acupalpus elegans
Coleoptera,Adephaga,"Carabidae Latreille, 1802","Harpalinae Bonelli, 1810","Acupalpus Dejean, 1829",Acupalpus interstitialis
Coleoptera,Adephaga,"Carabidae Latreille, 1802","Harpalinae Bonelli, 1810","Anthracus Motschulsky, 1850",Anthracus consputus
Coleoptera,Adephaga,"Carabidae Latreille, 1802","Harpalinae Bonelli, 1810","Perigona Laporte de Castelnau, 1835",Perigona nigriceps
Coleoptera,Adephaga,"Carabidae Latreille, 1802","Harpalinae Bonelli, 1810","Masoreus Dejean, 1821",Masoreus wetterhallii
Coleoptera,Adephaga,"Carabidae Latreille, 1802","Harpalinae Bonelli, 1810","Odacantha Paykull, 1798",Odacantha melanura
Coleoptera,Adephaga,"Carabidae Latreille, 1802","Harpalinae Bonelli, 1810","Lebia Latreille, 1802",Lebia cyanocephala
Coleoptera,Adephaga,"Carabidae Latreille, 1802","Harpalinae Bonelli, 1810","Lebia Latreille, 1802",Lebia chlorocephala
Coleoptera,Adephaga,"Carabidae Latreille, 1802","Harpalinae Bonelli, 1810","Lebia Latreille, 1802",Lebia cruxminor
Coleoptera,Adephaga,"Carabidae Latreille, 1802","Harpalinae Bonelli, 1810","Demetrias Bonelli, 1810",Demetrias monostigma
Coleoptera,Adephaga,"Carabidae Latreille, 1802","Harpalinae Bonelli, 1810","Demetrias Bonelli, 1810",Demetrias atricapillus
Coleoptera,Adephaga,"Carabidae Latreille, 1802","Harpalinae Bonelli, 1810","Demetrias Bonelli, 1810",Demetrias imperialis
Coleoptera,Adephaga,"Carabidae Latreille, 1802","Harpalinae Bonelli, 1810","Paradromius Fowler, 1887",Paradromius longiceps
Coleoptera,Adephaga,"Carabidae Latreille, 1802","Harpalinae Bonelli, 1810","Paradromius Fowler, 1887",Paradromius linearis
Coleoptera,Adephaga,"Carabidae Latreille, 1802","Harpalinae Bonelli, 1810","Dromius Bonelli, 1810",Dromius agilis
Coleoptera,Adephaga,"Carabidae Latreille, 1802","Harpalinae Bonelli, 1810","Dromius Bonelli, 1810",Dromius angustus
Coleoptera,Adephaga,"Carabidae Latreille, 1802","Harpalinae Bonelli, 1810","Dromius Bonelli, 1810",Dromius quadraticollis
Coleoptera,Adephaga,"Carabidae Latreille, 1802","Harpalinae Bonelli, 1810","Dromius Bonelli, 1810",Dromius meridionalis
Coleoptera,Adephaga,"Carabidae Latreille, 1802","Harpalinae Bonelli, 1810","Dromius Bonelli, 1810",Dromius schneideri
Coleoptera,Adephaga,"Carabidae Latreille, 1802","Harpalinae Bonelli, 1810","Dromius Bonelli, 1810",Dromius fenestratus
Coleoptera,Adephaga,"Carabidae Latreille, 1802","Harpalinae Bonelli, 1810","Dromius Bonelli, 1810",Dromius quadrimaculatus
Coleoptera,Adephaga,"Carabidae Latreille, 1802","Harpalinae Bonelli, 1810","Calodromius Reitter, 1905",Calodromius spilotus
Coleoptera,Adephaga,"Carabidae Latreille, 1802","Harpalinae Bonelli, 1810","Calodromius Reitter, 1905",Calodromius bifasciatus
Coleoptera,Adephaga,"Carabidae Latreille, 1802","Harpalinae Bonelli, 1810","Philorhizus Hope, 1838",Philorhizus quadrisignatus
Coleoptera,Adephaga,"Carabidae Latreille, 1802","Harpalinae Bonelli, 1810","Philorhizus Hope, 1838",Philorhizus sigma
Coleoptera,Adephaga,"Carabidae Latreille, 1802","Harpalinae Bonelli, 1810","Philorhizus Hope, 1838",Philorhizus melanocephalus
Coleoptera,Adephaga,"Carabidae Latreille, 1802","Harpalinae Bonelli, 1810","Philorhizus Hope, 1838",Philorhizus notatus
Coleoptera,Adephaga,"Carabidae Latreille, 1802","Harpalinae Bonelli, 1810","Philorhizus Hope, 1838",Philorhizus putzeysi
Coleoptera,Adephaga,"Carabidae Latreille, 1802","Harpalinae Bonelli, 1810","Philorhizus Hope, 1838",Philorhizus vectensis
Coleoptera,Adephaga,"Carabidae Latreille, 1802","Harpalinae Bonelli, 1810","Microlestes Schmidt-Goebel, 1846",Microlestes minutulus
Coleoptera,Adephaga,"Carabidae Latreille, 1802","Harpalinae Bonelli, 1810","Microlestes Schmidt-Goebel, 1846",Microlestes maurus
Coleoptera,Adephaga,"Carabidae Latreille, 1802","Harpalinae Bonelli, 1810","Microlestes Schmidt-Goebel, 1846",Microlestes corticalis
Coleoptera,Adephaga,"Carabidae Latreille, 1802","Harpalinae Bonelli, 1810","Syntomus Hope, 1838",Syntomus truncatellus
Coleoptera,Adephaga,"Carabidae Latreille, 1802","Harpalinae Bonelli, 1810","Syntomus Hope, 1838",Syntomus foveatus
Coleoptera,Adephaga,"Carabidae Latreille, 1802","Harpalinae Bonelli, 1810","Lionychus Wissman, 1846",Lionychus quadrillum
Coleoptera,Adephaga,"Carabidae Latreille, 1802","Harpalinae Bonelli, 1810","Cymindis Latreille, 1806",Cymindis humeralis
Coleoptera,Adephaga,"Carabidae Latreille, 1802","Harpalinae Bonelli, 1810","Cymindis Latreille, 1806",Cymindis angularis
Coleoptera,Adephaga,"Carabidae Latreille, 1802","Harpalinae Bonelli, 1810","Cymindis Latreille, 1806",Cymindis macularis
Coleoptera,Adephaga,"Carabidae Latreille, 1802","Harpalinae Bonelli, 1810","Cymindis Latreille, 1806",Cymindis vaporariorum
Coleoptera,Adephaga,"Carabidae Latreille, 1802","Harpalinae Bonelli, 1810","Plochionus Wiedemann, 1823",Plochionus pallens
Coleoptera,Adephaga,"Carabidae Latreille, 1802","Brachininae Bonelli, 1810","Brachinus Weber, 1801",Brachinus crepitans
Coleoptera,Polyphaga,Histeroidea,"Sphaeritidae Shuckard, 1839","Sphaerites Duftschmid, 1805",Sphaerites glabratus
Coleoptera,Polyphaga,Scarabaeoidea,"Trogidae Macleay, 1819","Trox Fabricius, 1775",Trox sabulosus
Coleoptera,Polyphaga,Scarabaeoidea,"Trogidae Macleay, 1819","Trox Fabricius, 1775",Trox hispidus
Coleoptera,Polyphaga,Scarabaeoidea,"Trogidae Macleay, 1819","Trox Fabricius, 1775",Trox scaber
Coleoptera,Polyphaga,Scirtoidea,"Eucinetidae Lacordaire, 1857","Eucinetus Germar, 1818",Eucinetus haemorrhoidalis
Coleoptera,Polyphaga,Scirtoidea,"Eucinetidae Lacordaire, 1857","Eucilodes Vit, 1985",Eucilodes caucasicus
Coleoptera,Polyphaga,Scirtoidea,"Clambidae Fischer von Waldheim, 1821","Calyptomerus Redtenbacher, 1849",Calyptomerus dubius
Coleoptera,Polyphaga,Scirtoidea,"Clambidae Fischer von Waldheim, 1821","Clambus Fischer von Waldheim, 1821",Clambus pubescens
Coleoptera,Polyphaga,Scirtoidea,"Clambidae Fischer von Waldheim, 1821","Clambus Fischer von Waldheim, 1821",Clambus punctulum
Coleoptera,Polyphaga,Scirtoidea,"Clambidae Fischer von Waldheim, 1821","Clambus Fischer von Waldheim, 1821",Clambus gibbulus
Coleoptera,Polyphaga,Scirtoidea,"Clambidae Fischer von Waldheim, 1821","Clambus Fischer von Waldheim, 1821",Clambus pallidulus
Coleoptera,Polyphaga,Scirtoidea,"Clambidae Fischer von Waldheim, 1821","Clambus Fischer von Waldheim, 1821",Clambus simsoni
Coleoptera,Polyphaga,Scirtoidea,"Clambidae Fischer von Waldheim, 1821","Clambus Fischer von Waldheim, 1821",Clambus armadillo
Coleoptera,Polyphaga,Scirtoidea,"Clambidae Fischer von Waldheim, 1821","Clambus Fischer von Waldheim, 1821",Clambus nigrellus
Coleoptera,Polyphaga,Scirtoidea,"Clambidae Fischer von Waldheim, 1821","Clambus Fischer von Waldheim, 1821",Clambus minutus
Coleoptera,Polyphaga,Scirtoidea,"Scirtidae Fleming, 1821","Elodes Latreille, 1796",Elodes minuta
Coleoptera,Polyphaga,Scirtoidea,"Scirtidae Fleming, 1821","Elodes Latreille, 1796",Elodes marginata
Coleoptera,Polyphaga,Scirtoidea,"Scirtidae Fleming, 1821","Elodes Latreille, 1796",Elodes elongata
Coleoptera,Polyphaga,Scirtoidea,"Scirtidae Fleming, 1821","Microcara Thomson, 1859",Microcara testacea
Coleoptera,Polyphaga,Scirtoidea,"Scirtidae Fleming, 1821","Cyphon Paykull, 1799",Cyphon coarctatus
Coleoptera,Polyphaga,Scirtoidea,"Scirtidae Fleming, 1821","Cyphon Paykull, 1799",Cyphon palustris
Coleoptera,Polyphaga,Scirtoidea,"Scirtidae Fleming, 1821","Cyphon Paykull, 1799",Cyphon ruficeps
Coleoptera,Polyphaga,Scirtoidea,"Scirtidae Fleming, 1821","Cyphon Paykull, 1799",Cyphon kongsbergensis
Coleoptera,Polyphaga,Scirtoidea,"Scirtidae Fleming, 1821","Cyphon Paykull, 1799",Cyphon ochraceus
Coleoptera,Polyphaga,Scirtoidea,"Scirtidae Fleming, 1821","Cyphon Paykull, 1799",Cyphon variabilis
Coleoptera,Polyphaga,Scirtoidea,"Scirtidae Fleming, 1821","Cyphon Paykull, 1799",Cyphon laevipennis
Coleoptera,Polyphaga,Scirtoidea,"Scirtidae Fleming, 1821","Cyphon Paykull, 1799",Cyphon pubescens
Coleoptera,Polyphaga,Scirtoidea,"Scirtidae Fleming, 1821","Cyphon Paykull, 1799",Cyphon punctipennis
Coleoptera,Polyphaga,Scirtoidea,"Scirtidae Fleming, 1821","Cyphon Paykull, 1799",Cyphon padi
Coleoptera,Polyphaga,Scirtoidea,"Scirtidae Fleming, 1821","Cyphon Paykull, 1799",Cyphon hilaris
Coleoptera,Polyphaga,Scirtoidea,"Scirtidae Fleming, 1821","Prionocyphon Redtenbacher, 1858",Prionocyphon serricornis
Coleoptera,Polyphaga,Scirtoidea,"Scirtidae Fleming, 1821","Scirtes Illiger, 1807",Scirtes hemisphaericus
Coleoptera,Polyphaga,Scirtoidea,"Scirtidae Fleming, 1821","Scirtes Illiger, 1807",Scirtes orbicularis
Coleoptera,Polyphaga,Scirtoidea,"Ptilodactylidae Pic, 1914","Ptilodactyla Illiger, 1807",Ptilodactyla exotica
Coleoptera,Polyphaga,Scirtoidea,"Ptilodactylidae Pic, 1914","Ptilodactyla Illiger, 1807",Ptilodactyla nitens
Coleoptera,Polyphaga,Dascilloidea,"Dascillidae Lacordaire, 1857 (1836)","Dascillus Latreille, 1796",Dascillus cervinus
Coleoptera,Polyphaga,Buprestoidea,"Buprestidae Leach, 1815",Capnodis,Capnodis tenebrionis
Coleoptera,Polyphaga,Buprestoidea,"Buprestidae Leach, 1815",Ptosima,Ptosima flavoguttata
Coleoptera,Polyphaga,Buprestoidea,"Buprestidae Leach, 1815","Euchroma Solier, 1833",Euchroma gigantea
Coleoptera,Polyphaga,Dryopoidea,"Elmidae Westwood, 1838","Stenelmis Dufour, 1835",Stenelmis canaliculata
Coleoptera,Polyphaga,Dryopoidea,"Elmidae Westwood, 1838","Elmis Latreille, 1798",Elmis maugetii
Coleoptera,Polyphaga,Dryopoidea,"Elmidae Westwood, 1838","Elmis Latreille, 1798",Elmis aenea
Coleoptera,Polyphaga,Dryopoidea,"Elmidae Westwood, 1838","Elmis Latreille, 1798",Elmis obscura
Coleoptera,Polyphaga,Dryopoidea,"Elmidae Westwood, 1838","Esolus Mulsant & Rey, 1872",Esolus pygmaeus
Coleoptera,Polyphaga,Dryopoidea,"Elmidae Westwood, 1838","Esolus Mulsant & Rey, 1872",Esolus angustatus
Coleoptera,Polyphaga,Dryopoidea,"Elmidae Westwood, 1838","Oulimnius Des Gozis, 1886",Oulimnius tuberculatus
Coleoptera,Polyphaga,Dryopoidea,"Elmidae Westwood, 1838","Oulimnius Des Gozis, 1886",Oulimnius troglodytes
Coleoptera,Polyphaga,Dryopoidea,"Elmidae Westwood, 1838","Limnius Illiger, 1802",Limnius volckmari
Coleoptera,Polyphaga,Dryopoidea,"Elmidae Westwood, 1838","Limnius Illiger, 1802",Limnius muelleri
Coleoptera,Polyphaga,Dryopoidea,"Elmidae Westwood, 1838","Limnius Illiger, 1802",Limnius intermedius
Coleoptera,Polyphaga,Dryopoidea,"Elmidae Westwood, 1838","Limnius Illiger, 1802",Limnius opacus
Coleoptera,Polyphaga,Dryopoidea,"Elmidae Westwood, 1838","Normandia Pic, 1900",Normandia nitens
Coleoptera,Polyphaga,Dryopoidea,"Elmidae Westwood, 1838","Riolus Mulsant & Rey, 1872",Riolus cupreus
Coleoptera,Polyphaga,Dryopoidea,"Elmidae Westwood, 1838","Macronychus M¨¹ller, 1806",Macronychus quarituberculatus
Coleoptera,Polyphaga,Dryopoidea,"Dryopidae Fleming, 1821","Helichus Erichson, 1847",Helichus substriatus
Coleoptera,Polyphaga,Dryopoidea,"Dryopidae Fleming, 1821","Dryops Olivier, 1791",Dryops auriculatus
Coleoptera,Polyphaga,Dryopoidea,"Dryopidae Fleming, 1821","Dryops Olivier, 1791",Dryops anglicanus
Coleoptera,Polyphaga,Dryopoidea,"Dryopidae Fleming, 1821","Dryops Olivier, 1791",Dryops griseus
Coleoptera,Polyphaga,Dryopoidea,"Dryopidae Fleming, 1821","Dryops Olivier, 1791",Dryops similaris
Coleoptera,Polyphaga,Dryopoidea,"Dryopidae Fleming, 1821","Dryops Olivier, 1791",Dryops ernesti
Coleoptera,Polyphaga,Dryopoidea,"Dryopidae Fleming, 1821","Dryops Olivier, 1791",Dryops luridus
Coleoptera,Polyphaga,Dryopoidea,"Dryopidae Fleming, 1821","Dryops Olivier, 1791",Dryops nitidulus
Coleoptera,Polyphaga,Dryopoidea,"Dryopidae Fleming, 1821","Dryops Olivier, 1791",Dryops viennensis
Coleoptera,Polyphaga,Dryopoidea,"Dryopidae Fleming, 1821","Dryops Olivier, 1791",Dryops lutulentus
Coleoptera,Polyphaga,Dryopoidea,"Limnichidae Erichson, 1846","Limnichus Dejean, 1821",Limnichus pygmaeus
Coleoptera,Polyphaga,Dryopoidea,"Limnichidae Erichson, 1846","Limnichus Dejean, 1821",Limnichus sericeus
Coleoptera,Polyphaga,Dryopoidea,"Heteroceridae Macleay, 1825","Heterocerus Fabricius, 1792",Heterocerus fossor
Coleoptera,Polyphaga,Dryopoidea,"Heteroceridae Macleay, 1825","Heterocerus Fabricius, 1792",Heterocerus flexuosus
Coleoptera,Polyphaga,Dryopoidea,"Heteroceridae Macleay, 1825","Heterocerus Fabricius, 1792",Heterocerus obsoletus
Coleoptera,Polyphaga,Dryopoidea,"Heteroceridae Macleay, 1825","Heterocerus Fabricius, 1792",Heterocerus marginatus
Coleoptera,Polyphaga,Dryopoidea,"Heteroceridae Macleay, 1825","Heterocerus Fabricius, 1792",Heterocerus fenestratus
Coleoptera,Polyphaga,Dryopoidea,"Heteroceridae Macleay, 1825","Heterocerus Fabricius, 1792",Heterocerus fusculus
Coleoptera,Polyphaga,Dryopoidea,"Heteroceridae Macleay, 1825","Heterocerus Fabricius, 1792",Heterocerus hispidulus
Coleoptera,Polyphaga,Dryopoidea,"Heteroceridae Macleay, 1825","Heterocerus Fabricius, 1792",Heterocerus intermedius
Coleoptera,Polyphaga,Dryopoidea,"Heteroceridae Macleay, 1825","Heterocerus Fabricius, 1792",Heterocerus senescens
Coleoptera,Polyphaga,Dryopoidea,"Heteroceridae Macleay, 1825","Heterocerus Fabricius, 1792",Heterocerus aureolus
Coleoptera,Polyphaga,Dryopoidea,"Psephenidae Lacordaire, 1857","Eubria Germar, 1818",Eubria palustris
Coleoptera,Polyphaga,Elateroidea,"Throscidae Laporte de Castelnau, 1840","Aulonothroscus Horn, 1890",Aulonothroscus laticollis
Coleoptera,Polyphaga,Elateroidea,"Throscidae Laporte de Castelnau, 1840","Aulonothroscus Horn, 1890",Aulonothroscus brevicollis
Coleoptera,Polyphaga,Elateroidea,"Throscidae Laporte de Castelnau, 1840","Trixagus Kugelann, 1794",Trixagus dermestoides
Coleoptera,Polyphaga,Elateroidea,"Throscidae Laporte de Castelnau, 1840","Trixagus Kugelann, 1794",Trixagus carinifrons
Coleoptera,Polyphaga,Elateroidea,"Throscidae Laporte de Castelnau, 1840","Trixagus Kugelann, 1794",Trixagus leseigneuri
Coleoptera,Polyphaga,Elateroidea,"Throscidae Laporte de Castelnau, 1840","Trixagus Kugelann, 1794",Trixagus elateroides
Coleoptera,Polyphaga,Elateroidea,"Throscidae Laporte de Castelnau, 1840","Trixagus Kugelann, 1794",Trixagus exul
Coleoptera,Polyphaga,Elateroidea,"Throscidae Laporte de Castelnau, 1840","Trixagus Kugelann, 1794",Trixagus atticus
Coleoptera,Polyphaga,Cantharoidea,"Drilidae Blanchard, 1845","Drilus Olivier, 1790",Drilus concolor
Coleoptera,Polyphaga,Cantharoidea,"Drilidae Blanchard, 1845","Drilus Olivier, 1790",Drilus flavescens
Coleoptera,Polyphaga,Cantharoidea,"Lampyridae Fleming, 1821","Lamprohiza Motschulsky, 1852",Lamprohiza splendidula
Coleoptera,Polyphaga,Cantharoidea,"Lampyridae Fleming, 1821","Luciola Laporte de Castelnau, 1833",Luciola italica
Coleoptera,Polyphaga,Cantharoidea,"Lampyridae Fleming, 1821","Lampyris M¨¹ller, 1764",Lampyris noctiluca
Coleoptera,Polyphaga,Cantharoidea,"Lampyridae Fleming, 1821","Lampyris M¨¹ller, 1764",Lampyris sardiniae
Coleoptera,Polyphaga,Cantharoidea,"Lampyridae Fleming, 1821","Phosphaenus Laporte de Castelnau, 1833",Phosphaenus hemipterus
Coleoptera,Polyphaga,Bostrichoidea,"Nosodendridae Ericson, 1846","Nosodendron Latreille, 1804",Nosodendron fasciculare
Coleoptera,Polyphaga,Cleroidea,"Phloiophilidae Kiesenwetter, 1863","Phloiophilus Stephens, 1830",Phloiophilus edwardsi
Coleoptera,Polyphaga,Cleroidea,"Cleridae Latreille, 1802",Denops,Denops albofasciata
Coleoptera,Polyphaga,Cucujoidea,"Sphindidae Jacquelin du Val, 1861","Sphindus Dejean, 1821",Sphindus dubius
Coleoptera,Polyphaga,Cucujoidea,"Sphindidae Jacquelin du Val, 1861","Aspidiphorus Ziegler, 1821",Aspidiphorus orbiculatus
Coleoptera,Polyphaga,Cucujoidea,"Sphindidae Jacquelin du Val, 1861","Aspidiphorus Ziegler, 1821",Aspidiphorus lareyniei
Coleoptera,Polyphaga,Cucujoidea,"Kateretidae Erichson, 1846","Kateretes Herbst, 1793",Kateretes pedicularius
Coleoptera,Polyphaga,Cucujoidea,"Kateretidae Erichson, 1846","Kateretes Herbst, 1793",Kateretes pusillus
Coleoptera,Polyphaga,Cucujoidea,"Kateretidae Erichson, 1846","Kateretes Herbst, 1793",Kateretes rufilabris
Coleoptera,Polyphaga,Cucujoidea,"Kateretidae Erichson, 1846","Heterhelus Jacquelin du Val, 1858",Heterhelus scutellaris
Coleoptera,Polyphaga,Cucujoidea,"Kateretidae Erichson, 1846","Brachypterus Kugelann, 1794",Brachypterus urticae
Coleoptera,Polyphaga,Cucujoidea,"Kateretidae Erichson, 1846","Brachypterus Kugelann, 1794",Brachypterus fulvipes
Coleoptera,Polyphaga,Cucujoidea,"Kateretidae Erichson, 1846","Brachypterus Kugelann, 1794",Brachypterus glaber
Coleoptera,Polyphaga,Cucujoidea,"Kateretidae Erichson, 1846","Brachypterolus Grouvelle, 1913",Brachypterolus pulicarius
Coleoptera,Polyphaga,Cucujoidea,"Kateretidae Erichson, 1846","Brachypterolus Grouvelle, 1913",Brachypterolus linariae
Coleoptera,Polyphaga,Cucujoidea,"Kateretidae Erichson, 1846","Brachypterolus Grouvelle, 1913",Brachypterolus antirrhini
Coleoptera,Polyphaga,Cucujoidea,"Phloeostichidae Reitter, 1911","Phloeostichichus Redtenbacher, 1842",Phloeostichichus denticollis
Coleoptera,Polyphaga,Cucujoidea,"Cucujidae Latreille, 1802","Cucujus M¨¹ller, 1764",Cucujus cinnaberinus
Coleoptera,Polyphaga,Cucujoidea,"Cucujidae Latreille, 1802","Cucujus M¨¹ller, 1764",Cucujus haematodes
Coleoptera,Polyphaga,Cucujoidea,"Cucujidae Latreille, 1802","Pediacus Shuckard, 1839",Pediacus depressus
Coleoptera,Polyphaga,Cucujoidea,"Cucujidae Latreille, 1802","Pediacus Shuckard, 1839",Pediacus dermestoides
Coleoptera,Polyphaga,Cucujoidea,"Cucujidae Latreille, 1802","Pediacus Shuckard, 1839",Pediacus fuscus
Coleoptera,Polyphaga,Cucujoidea,"Laemophloeidae Ganglbauer, 1899","Laemophloeus Dejean, 1835",Laemophloeus monilis
Coleoptera,Polyphaga,Cucujoidea,"Laemophloeidae Ganglbauer, 1899","Laemophloeus Dejean, 1835",Laemophloeus muticus
Coleoptera,Polyphaga,Cucujoidea,"Laemophloeidae Ganglbauer, 1899","Notolaemus Lefkovitch, 1959",Notolaemus castaneus
Coleoptera,Polyphaga,Cucujoidea,"Laemophloeidae Ganglbauer, 1899","Notolaemus Lefkovitch, 1959",Notolaemus unifasciatus
Coleoptera,Polyphaga,Cucujoidea,"Laemophloeidae Ganglbauer, 1899","Cryptolestes Ganglbauer, 1899",Cryptolestes duplicatus
Coleoptera,Polyphaga,Cucujoidea,"Laemophloeidae Ganglbauer, 1899","Cryptolestes Ganglbauer, 1899",Cryptolestes ferrugineus
Coleoptera,Polyphaga,Cucujoidea,"Laemophloeidae Ganglbauer, 1899","Cryptolestes Ganglbauer, 1899",Cryptolestes abietis
Coleoptera,Polyphaga,Cucujoidea,"Laemophloeidae Ganglbauer, 1899","Cryptolestes Ganglbauer, 1899",Cryptolestes weisei
Coleoptera,Polyphaga,Cucujoidea,"Laemophloeidae Ganglbauer, 1899","Cryptolestes Ganglbauer, 1899",Cryptolestes alternans
Coleoptera,Polyphaga,Cucujoidea,"Laemophloeidae Ganglbauer, 1899","Cryptolestes Ganglbauer, 1899",Cryptolestes corticinus
Coleoptera,Polyphaga,Cucujoidea,"Laemophloeidae Ganglbauer, 1899","Cryptolestes Ganglbauer, 1899",Cryptolestes spartii
Coleoptera,Polyphaga,Cucujoidea,"Laemophloeidae Ganglbauer, 1899","Cryptolestes Ganglbauer, 1899",Cryptolestes capensis
Coleoptera,Polyphaga,Cucujoidea,"Laemophloeidae Ganglbauer, 1899","Cryptolestes Ganglbauer, 1899",Cryptolestes fractipennis
Coleoptera,Polyphaga,Cucujoidea,"Laemophloeidae Ganglbauer, 1899","Cryptolestes Ganglbauer, 1899",Cryptolestes pusillus
Coleoptera,Polyphaga,Cucujoidea,"Laemophloeidae Ganglbauer, 1899","Cryptolestes Ganglbauer, 1899",Cryptolestes pusilloides
Coleoptera,Polyphaga,Cucujoidea,"Laemophloeidae Ganglbauer, 1899","Cryptolestes Ganglbauer, 1899",Cryptolestes turcicus
Coleoptera,Polyphaga,Cucujoidea,"Laemophloeidae Ganglbauer, 1899","Placonotus Macleay, 1871",Placonotus testaceus
Coleoptera,Polyphaga,Cucujoidea,"Phalacridae Leach, 1815","Phalacrus Paykull, 1800",Phalacrus corruscus
Coleoptera,Polyphaga,Cucujoidea,"Phalacridae Leach, 1815","Phalacrus Paykull, 1800",Phalacrus dieckmanni
Coleoptera,Polyphaga,Cucujoidea,"Phalacridae Leach, 1815","Phalacrus Paykull, 1800",Phalacrus championi
Coleoptera,Polyphaga,Cucujoidea,"Phalacridae Leach, 1815","Phalacrus Paykull, 1800",Phalacrus substriatus
Coleoptera,Polyphaga,Cucujoidea,"Phalacridae Leach, 1815","Phalacrus Paykull, 1800",Phalacrus nigrinus
Coleoptera,Polyphaga,Cucujoidea,"Phalacridae Leach, 1815","Phalacrus Paykull, 1800",Phalacrus fimetarius
Coleoptera,Polyphaga,Cucujoidea,"Phalacridae Leach, 1815","Olibrus Erichson, 1845",Olibrus aeneus
Coleoptera,Polyphaga,Cucujoidea,"Phalacridae Leach, 1815","Olibrus Erichson, 1845",Olibrus baudueri
Coleoptera,Polyphaga,Cucujoidea,"Phalacridae Leach, 1815","Olibrus Erichson, 1845",Olibrus millefolii
Coleoptera,Polyphaga,Cucujoidea,"Phalacridae Leach, 1815","Olibrus Erichson, 1845",Olibrus corticalis
Coleoptera,Polyphaga,Cucujoidea,"Phalacridae Leach, 1815","Olibrus Erichson, 1845",Olibrus pygmaeus
Coleoptera,Polyphaga,Cucujoidea,"Phalacridae Leach, 1815","Olibrus Erichson, 1845",Olibrus flavicornis
Coleoptera,Polyphaga,Cucujoidea,"Phalacridae Leach, 1815","Olibrus Erichson, 1845",Olibrus norvegicus
Coleoptera,Polyphaga,Cucujoidea,"Phalacridae Leach, 1815","Olibrus Erichson, 1845",Olibrus affinis
Coleoptera,Polyphaga,Cucujoidea,"Phalacridae Leach, 1815","Olibrus Erichson, 1845",Olibrus liquidus
Coleoptera,Polyphaga,Cucujoidea,"Phalacridae Leach, 1815","Olibrus Erichson, 1845",Olibrus bicolor
Coleoptera,Polyphaga,Cucujoidea,"Phalacridae Leach, 1815","Olibrus Erichson, 1845",Olibrus bimaculatus
Coleoptera,Polyphaga,Cucujoidea,"Phalacridae Leach, 1815","Stilbus Seidlitz, 1872",Stilbus testaceus
Coleoptera,Polyphaga,Cucujoidea,"Phalacridae Leach, 1815","Stilbus Seidlitz, 1872",Stilbus atomarius
Coleoptera,Polyphaga,Cucujoidea,"Phalacridae Leach, 1815","Stilbus Seidlitz, 1872",Stilbus oblongus
Coleoptera,Polyphaga,Cucujoidea,"Byturidae Jacquelin du Val, 1858","Byturus Laterille, 1796",Byturus tomentosus
Coleoptera,Polyphaga,Cucujoidea,"Byturidae Jacquelin du Val, 1858","Byturus Laterille, 1796",Byturus ochraceus
Coleoptera,Polyphaga,Cucujoidea,"Biphyllidae LeConte, 1861","Biphyllus Dejean, 1821",Biphyllus lunatus
Coleoptera,Polyphaga,Cucujoidea,"Biphyllidae LeConte, 1861","Diplocoelus Guerin-Meneville, 1844",Diplocoelus fagi
Coleoptera,Polyphaga,Cucujoidea,"Cerylonidae Billberg, 1820","Cerylon Latreille, 1802",Cerylon fagi
Coleoptera,Polyphaga,Cucujoidea,"Cerylonidae Billberg, 1820","Cerylon Latreille, 1802",Cerylon histeroides
Coleoptera,Polyphaga,Cucujoidea,"Cerylonidae Billberg, 1820","Cerylon Latreille, 1802",Cerylon ferrugineum
Coleoptera,Polyphaga,Cucujoidea,"Cerylonidae Billberg, 1820","Cerylon Latreille, 1802",Cerylon impressum
Coleoptera,Polyphaga,Cucujoidea,"Cerylonidae Billberg, 1820","Cerylon Latreille, 1802",Cerylon deplanatum
Coleoptera,Polyphaga,Cucujoidea,"Cerylonidae Billberg, 1820","Murmidius Leach, 1821",Murmidius ovalis
Coleoptera,Polyphaga,Cucujoidea,"Alexiidae Imhoff, 1856","Sphaerosoma Stephens, 1832",Sphaerosoma pilosum
Coleoptera,Polyphaga,Cucujoidea,"Coccinellidae Latreille, 1807",Henosepilachna,Henosepilachna elaterii
Coleoptera,Polyphaga,Tenebrionoidea,"Mycetophagidae Leach, 1815","Triphyllus Dejean, 1821",Triphyllus bicolor
Coleoptera,Polyphaga,Tenebrionoidea,"Mycetophagidae Leach, 1815","Litargus Erichson, 1846",Litargus connexus
Coleoptera,Polyphaga,Tenebrionoidea,"Mycetophagidae Leach, 1815","Litargus Erichson, 1846",Litargus coloratus
Coleoptera,Polyphaga,Tenebrionoidea,"Mycetophagidae Leach, 1815","Litargus Erichson, 1846",Litargus balteatus
Coleoptera,Polyphaga,Tenebrionoidea,"Mycetophagidae Leach, 1815","Mycetophagus Hellwig, 1792",Mycetophagus quadripustulatus
Coleoptera,Polyphaga,Tenebrionoidea,"Mycetophagidae Leach, 1815","Mycetophagus Hellwig, 1792",Mycetophagus ater
Coleoptera,Polyphaga,Tenebrionoidea,"Mycetophagidae Leach, 1815","Mycetophagus Hellwig, 1792",Mycetophagus piceus
Coleoptera,Polyphaga,Tenebrionoidea,"Mycetophagidae Leach, 1815","Mycetophagus Hellwig, 1792",Mycetophagus salicis
Coleoptera,Polyphaga,Tenebrionoidea,"Mycetophagidae Leach, 1815","Mycetophagus Hellwig, 1792",Mycetophagus decempunctatus
Coleoptera,Polyphaga,Tenebrionoidea,"Mycetophagidae Leach, 1815","Mycetophagus Hellwig, 1792",Mycetophagus atomarius
Coleoptera,Polyphaga,Tenebrionoidea,"Mycetophagidae Leach, 1815","Mycetophagus Hellwig, 1792",Mycetophagus quadriguttatus
Coleoptera,Polyphaga,Tenebrionoidea,"Mycetophagidae Leach, 1815","Mycetophagus Hellwig, 1792",Mycetophagus multipunctatus
Coleoptera,Polyphaga,Tenebrionoidea,"Mycetophagidae Leach, 1815","Mycetophagus Hellwig, 1792",Mycetophagus fulvicollis
Coleoptera,Polyphaga,Tenebrionoidea,"Mycetophagidae Leach, 1815","Mycetophagus Hellwig, 1792",Mycetophagus populi
Coleoptera,Polyphaga,Tenebrionoidea,"Mycetophagidae Leach, 1815","Mycetophagus Hellwig, 1792",Mycetophagus tschitscherini
Coleoptera,Polyphaga,Tenebrionoidea,"Mycetophagidae Leach, 1815","Typhaea Stephens, 1829",Typhaea stercorea
Coleoptera,Polyphaga,Tenebrionoidea,"Mycetophagidae Leach, 1815","Typhaea Stephens, 1829",Typhaea decipiens
Coleoptera,Polyphaga,Tenebrionoidea,"Mycetophagidae Leach, 1815","Berginus Erichson, 1845",Berginus tamarisci
Coleoptera,Polyphaga,Tenebrionoidea,"Tetratomidae Billberg, 1820","Tetratoma Fabricius, 1790",Tetratoma fungorum
Coleoptera,Polyphaga,Tenebrionoidea,"Tetratomidae Billberg, 1820","Tetratoma Fabricius, 1790",Tetratoma desmarestii
Coleoptera,Polyphaga,Tenebrionoidea,"Tetratomidae Billberg, 1820","Tetratoma Fabricius, 1790",Tetratoma ancora
Coleoptera,Polyphaga,Tenebrionoidea,"Prostomidae Thomson, 1859","Prostomis Laterille, 1829",Prostomis mandibularis
Coleoptera,Polyphaga,Tenebrionoidea,"Stenotrachelidae Thomson, 1859","Stenotrachelus Berthold, 1827",Stenotrachelus aeneus
Coleoptera,Polyphaga,Tenebrionoidea,"Stenotrachelidae Thomson, 1859","Scotodes Eschscholtz, 1818",Scotodes annulatus
Coleoptera,Polyphaga,Tenebrionoidea,"Meloidae Gyllenhal, 1810",Mylabris,Mylabris polymorpha
Coleoptera,Polyphaga,Tenebrionoidea,"Mycteridae Blanchard, 1845","Mycterus Clairville & Schellenberg, 1798",Mycterus curculioides
Coleoptera,Polyphaga,Tenebrionoidea,"Boridae Thomson, 1859","Boros Herbst, 1797",Boros schneideri
Coleoptera,Polyphaga,Tenebrionoidea,"Pythidae Blanchard, 1845","Pytho Laterille, 1796",Pytho depressus
Coleoptera,Polyphaga,Tenebrionoidea,"Pythidae Blanchard, 1845","Pytho Laterille, 1796",Pytho kolwensis
Coleoptera,Polyphaga,Tenebrionoidea,"Pythidae Blanchard, 1845","Pytho Laterille, 1796",Pytho abieticola
Coleoptera,Polyphaga,Tenebrionoidea,"Pyrochroidae Latreille, 1807","Pyrochroa M¨¹ller, 1764",Pyrochroa coccinea
Coleoptera,Polyphaga,Tenebrionoidea,"Pyrochroidae Latreille, 1807","Pyrochroa M¨¹ller, 1764",Pyrochroa serraticornis
Coleoptera,Polyphaga,Tenebrionoidea,"Pyrochroidae Latreille, 1807","Schizotus Newman, 1838",Schizotus pectinicornis
Coleoptera,Polyphaga,Tenebrionoidea,"Aderidae Winkler, 1927","Phytobaenus F. Sahlberg, 1834",Phytobaenus amabilis
Coleoptera,Polyphaga,Tenebrionoidea,"Aderidae Winkler, 1927","Aderus Westwood, 1829",Aderus populneus
Coleoptera,Polyphaga,Tenebrionoidea,"Aderidae Winkler, 1927","Euglenes Westwood, 1830",Euglenes pygmaeus
Coleoptera,Polyphaga,Tenebrionoidea,"Aderidae Winkler, 1927","Euglenes Westwood, 1830",Euglenes oculatus
Coleoptera,Polyphaga,Tenebrionoidea,"Aderidae Winkler, 1927","Anidorus Mulsant & Rey, 1866",Anidorus nigrinus
Coleoptera,Polyphaga,Tenebrionoidea,"Aderidae Winkler, 1927","Vanonus Casey, 1895",Vanonus brevicornis
Coleoptera,Polyphaga,Tenebrionoidea,"Aderidae Winkler, 1927","Pseudeuglenes Pic, 1897",Pseudeuglenes pentatomus
Coleoptera,Polyphaga,Tenebrionoidea,"Scraptiidae Mulsant, 1856","Scraptia Latreille, 1807",Scraptia fuscula
Coleoptera,Polyphaga,Chrysomeloidea,"Cerambycidae Latreille, 1802","Orthomegas Serville, 1832",Orthomegas cinnamomeus
Coleoptera,Polyphaga,Curculinoidea,"Curculionidae Latreille, 1802",Astycus,Astycus doriae
Coleoptera,Polyphaga,Curculinoidea,"Curculionidae Latreille, 1802",Astycus,Astycus lateralis
Coleoptera,Polyphaga,Curculinoidea,"Curculionidae Latreille, 1802",Blosyrus,Blosyrus herthus
Coleoptera,Polyphaga,Curculinoidea,"Curculionidae Latreille, 1802",Celebia,Celebia arrogans
Coleoptera,Polyphaga,Curculinoidea,"Curculionidae Latreille, 1802","Homoeonychus Faust, 1890",Homoeonychus perrieri
Coleoptera,Polyphaga,Curculinoidea,"Curculionidae Latreille, 1802","Megalometis Schoenherr, 1842",Megalometis spiniferus
Coleoptera,Polyphaga,Curculinoidea,"Curculionidae Latreille, 1802","Atactogaster Faust, 1904",Atactogaster zebra
Coleoptera,Polyphaga,Curculinoidea,"Curculionidae Latreille, 1802","Stigmatrachelus Schoenherr, 1840",Stigmatrachelus cinctus
